source_idx,target_idx,weight
0,424,0.9987109899520874
0,1054,0.7366453409194946
0,2362,0.7255816459655762
0,2006,0.7208561897277832
2,2408,0.7889434099197388
2,570,0.7876865863800049
2,1097,0.7736248970031738
2,531,0.7702332735061646
2,983,0.7700539231300354
2,2943,0.7631258964538574
2,106,0.7628777027130127
2,1748,0.7604135274887085
2,673,0.7527318000793457
4,257,0.7537736892700195
4,1608,0.731330394744873
4,1163,0.7199118137359619
4,1281,0.7086678147315979
4,2955,0.7081062197685242
5,2087,0.7227886915206909
5,214,0.7182127237319946
5,1483,0.7095135450363159
6,2952,0.6531339883804321
8,144,0.7706129550933838
8,1704,0.7680200338363647
8,1121,0.7470441460609436
8,2121,0.7386701703071594
8,1144,0.7281421422958374
8,1171,0.7180996537208557
9,2426,0.747356653213501
9,1683,0.7259937524795532
11,1673,0.7944483160972595
11,2325,0.792978048324585
11,1668,0.7892154455184937
11,1629,0.7848131656646729
11,670,0.7844276428222656
11,1590,0.7772252559661865
11,1076,0.7768493294715881
11,1877,0.7735332250595093
11,2579,0.7676973938941956
11,1855,0.7660892605781555
11,1557,0.7632399201393127
11,2316,0.7624703645706177
12,2328,0.866299033164978
12,2031,0.8402636051177979
12,3295,0.8321943283081055
12,400,0.8207765221595764
12,482,0.8106505870819092
12,979,0.7926960587501526
12,851,0.791832447052002
12,2428,0.7805061936378479
12,2311,0.7668501138687134
12,2832,0.7654178142547607
14,2316,0.7710577249526978
14,1084,0.7434649467468262
14,1841,0.7332760095596313
14,847,0.7249219417572021
14,344,0.7133790254592896
14,1494,0.7116467952728271
14,2681,0.711217999458313
15,842,0.7242605686187744
15,367,0.7102450728416443
15,176,0.7037867903709412
15,277,0.6931333541870117
15,1148,0.6880419254302979
17,3249,0.7701325416564941
17,1599,0.7634939551353455
17,2024,0.7496695518493652
17,2562,0.7433613538742065
17,3193,0.7333664894104004
18,111,0.8004143834114075
18,1600,0.7455065250396729
18,3050,0.7433375120162964
18,2822,0.7330129146575928
20,2397,0.863101601600647
20,158,0.8032318353652954
20,3204,0.7884421348571777
20,295,0.7836288213729858
20,550,0.7765294313430786
20,1172,0.7712631821632385
20,1974,0.7712289690971375
20,886,0.766831636428833
21,48,0.7703380584716797
21,2006,0.7584674954414368
21,2711,0.7368999719619751
21,977,0.7360342741012573
21,2746,0.7343277931213379
21,3291,0.7156230211257935
21,2956,0.7130298614501953
21,1054,0.7103838920593262
22,1700,0.6959038972854614
22,92,0.6947736144065857
22,1635,0.6546022891998291
23,2388,0.7185841798782349
24,1603,0.6523689031600952
25,936,0.7482979893684387
25,1142,0.7376168966293335
26,2466,0.6642287969589233
26,2644,0.6503829956054688
26,1017,0.632112979888916
26,2055,0.6232343912124634
28,2322,0.798340916633606
28,1618,0.7962095737457275
28,551,0.7953193187713623
28,432,0.7925171852111816
28,2308,0.7919386625289917
28,986,0.7891303300857544
28,2314,0.7822844982147217
28,488,0.7780625224113464
29,43,0.7851399183273315
29,909,0.7746592164039612
29,1961,0.7667042016983032
29,2656,0.7555118799209595
29,506,0.7496415376663208
29,3177,0.7490488290786743
29,560,0.7455977201461792
29,2010,0.7418211698532104
29,1355,0.7382055521011353
31,287,0.7913229465484619
31,550,0.7567583322525024
31,438,0.7552680969238281
31,1412,0.746483564376831
31,2962,0.7395667433738708
31,1728,0.7373360395431519
34,559,0.7390016913414001
34,3123,0.7276304364204407
34,661,0.7215986251831055
35,36,0.7363681197166443
35,3258,0.6897541284561157
36,968,0.7698071002960205
36,3037,0.7698071002960205
36,1885,0.7262277603149414
37,2445,0.8048206567764282
37,658,0.7857415676116943
37,1401,0.7763665914535522
37,2594,0.773377537727356
37,673,0.7714145183563232
37,2280,0.7709860801696777
37,43,0.7702654600143433
38,2339,0.6998962163925171
38,2720,0.6829748153686523
39,2725,0.7382680773735046
40,2660,0.6966298222541809
41,112,0.8109093308448792
41,111,0.8102097511291504
41,391,0.8059430122375488
41,2786,0.7754146456718445
41,1559,0.7663868069648743
41,3106,0.7616022825241089
42,2427,0.8294382095336914
42,391,0.8066787719726562
42,2589,0.8027295470237732
42,205,0.7997305393218994
42,1203,0.7949057817459106
42,3273,0.7694505453109741
42,2723,0.7663604021072388
43,1141,0.798700213432312
43,2445,0.7965865731239319
43,1631,0.7772636413574219
43,3070,0.7731558084487915
43,636,0.7557110786437988
43,1301,0.7530742883682251
43,2594,0.7524045705795288
43,87,0.7486132383346558
44,1489,0.6425710916519165
45,2145,0.7377668023109436
45,1320,0.6853309869766235
45,731,0.6684714555740356
46,2338,0.8221405148506165
46,1613,0.8082308769226074
46,2288,0.807084858417511
46,393,0.8070250749588013
46,72,0.8058963418006897
46,2243,0.8057416677474976
46,1127,0.8042200803756714
46,1823,0.8030716180801392
46,2527,0.7970807552337646
47,2886,0.8125714063644409
47,1675,0.7971413135528564
47,2982,0.782833456993103
47,1599,0.778601884841919
47,583,0.7745286822319031
47,3193,0.7668866515159607
47,916,0.7644420862197876
47,1552,0.7596577405929565
47,1643,0.7522757649421692
47,3168,0.7513023614883423
47,2840,0.7491087913513184
48,2714,0.7766991853713989
48,1054,0.7761644721031189
48,841,0.7525122761726379
48,3023,0.7516422271728516
48,2711,0.7516207695007324
48,3291,0.746829092502594
48,3351,0.7448940277099609
48,2886,0.7448575496673584
48,2927,0.7426389455795288
48,2006,0.7390648722648621
48,325,0.7375490665435791
48,1583,0.737065315246582
48,3209,0.7339633703231812
49,613,0.7919622659683228
49,273,0.7853131294250488
49,3259,0.7676818370819092
49,2575,0.755835771560669
49,1128,0.7510249614715576
49,1159,0.7499552965164185
50,1485,0.7736139297485352
50,1390,0.7536050081253052
50,2780,0.7347468733787537
50,2730,0.7345454692840576
50,1307,0.7263250350952148
51,462,0.8130017518997192
51,72,0.7947183847427368
51,1543,0.785091757774353
51,2409,0.7755711078643799
51,2423,0.7748510837554932
51,2039,0.7632404565811157
51,742,0.763204038143158
52,598,0.7369372844696045
52,2088,0.7253795266151428
52,1320,0.6937830448150635
53,394,0.7136389017105103
53,2114,0.6761047840118408
54,3243,0.6651273965835571
55,3092,0.668908953666687
56,2924,0.7638885378837585
56,2184,0.7403923869132996
56,661,0.7383617162704468
56,886,0.724900484085083
56,2241,0.7101050615310669
57,2477,0.7311580777168274
57,1323,0.7281148433685303
57,3061,0.7050358057022095
57,3078,0.6945278644561768
57,1528,0.6798138618469238
58,3050,0.7264974117279053
58,110,0.7129350900650024
58,1669,0.7068690657615662
59,1441,0.7881949543952942
59,1553,0.748745322227478
59,2250,0.748745322227478
59,3129,0.748745322227478
59,292,0.7482198476791382
59,3251,0.7460535764694214
59,186,0.7429385781288147
59,557,0.7312513589859009
60,570,0.7685312032699585
60,1644,0.7663439512252808
60,2056,0.7586718797683716
60,2346,0.7522158622741699
60,1302,0.7513107657432556
60,1108,0.7432682514190674
61,1142,0.7522535920143127
61,2119,0.7493329048156738
61,2593,0.7342301607131958
61,3157,0.709479570388794
61,534,0.7085703015327454
62,148,0.7393271923065186
62,217,0.7193165421485901
63,106,0.8036707639694214
63,2570,0.753476619720459
63,2071,0.7519562840461731
63,253,0.7329579591751099
63,2340,0.7321731448173523
63,2831,0.7293151617050171
63,2763,0.7286845445632935
64,1634,0.8544487953186035
64,579,0.8439460396766663
64,2535,0.841494619846344
64,465,0.8339247703552246
64,1980,0.8310731649398804
64,391,0.8305492401123047
64,592,0.8282411098480225
64,1817,0.8257617950439453
64,380,0.8255994915962219
64,2243,0.8249501585960388
64,2412,0.8238205909729004
64,2125,0.822232723236084
64,1560,0.819229781627655
64,494,0.8188363909721375
64,1495,0.8179956674575806
65,2445,0.803733229637146
65,106,0.7929662466049194
65,2434,0.7631992101669312
65,1069,0.7606964111328125
65,1631,0.7428370714187622
65,2771,0.7373570203781128
65,2704,0.7251602411270142
65,1066,0.7251023054122925
65,1329,0.7216033935546875
65,228,0.7198197841644287
65,70,0.7149139046669006
66,1648,0.7430449724197388
66,1643,0.7309497594833374
67,788,0.7717034816741943
67,645,0.7364798784255981
67,86,0.7002333998680115
68,455,0.921303927898407
68,1517,0.822523832321167
68,1266,0.8211381435394287
68,509,0.8050858974456787
68,1647,0.7978206872940063
68,164,0.7888760566711426
68,1829,0.7732545137405396
68,415,0.7512508630752563
68,1754,0.7502400279045105
68,977,0.7491031885147095
68,2531,0.7473106980323792
68,306,0.7464267015457153
69,1234,0.7080690860748291
69,831,0.6753550171852112
70,228,0.7717876434326172
70,2818,0.7333543300628662
70,2771,0.7214171290397644
71,1629,0.7357474565505981
71,1328,0.7088690996170044
72,1007,0.841377854347229
72,240,0.8369658589363098
72,1634,0.8249863386154175
72,1823,0.8181745409965515
72,1613,0.8063100576400757
72,393,0.8048638105392456
72,1127,0.80390465259552
72,581,0.8000651001930237
72,1167,0.7998238205909729
72,2303,0.7995579242706299
73,3269,0.6171708106994629
73,355,0.6158502101898193
73,1906,0.6099032163619995
74,970,0.7281165719032288
74,2269,0.7276954650878906
74,1484,0.7228305339813232
75,931,0.7404866814613342
76,1104,0.8510971069335938
76,764,0.8322901725769043
76,436,0.79692542552948
76,105,0.7935618162155151
76,898,0.7920699119567871
76,136,0.7891825437545776
76,2422,0.7876103520393372
76,1656,0.7762666940689087
76,2658,0.7682350873947144
76,196,0.7607814073562622
78,2161,0.6914256811141968
78,858,0.6531339883804321
78,83,0.6519173979759216
78,3167,0.6370363235473633
79,1334,0.7303832769393921
79,3044,0.7056002616882324
80,2666,0.6599260568618774
81,2817,0.787067174911499
81,3121,0.7860695123672485
81,1891,0.7848397493362427
81,1071,0.7831850647926331
81,857,0.7822105884552002
81,1290,0.7776848077774048
81,3214,0.776170015335083
81,1285,0.7743061184883118
81,2551,0.7699030041694641
81,1151,0.7671633362770081
82,1049,0.7346115112304688
83,127,0.6933659315109253
83,2849,0.6414644718170166
84,511,0.6926584243774414
84,921,0.6640863418579102
85,1706,0.7383445501327515
87,2434,0.7712428569793701
87,1770,0.7625299692153931
87,1113,0.7404444813728333
87,618,0.7358497381210327
87,2341,0.7274601459503174
87,1774,0.7256168127059937
87,1987,0.7240180969238281
88,3327,0.6710145473480225
90,2537,0.6799149513244629
90,1957,0.6619330644607544
90,1939,0.6576679944992065
90,3124,0.6414724588394165
92,2145,0.7188010215759277
92,255,0.6852258443832397
92,102,0.6784300208091736
92,1534,0.6728136539459229
94,1589,0.7368463277816772
94,525,0.6933724880218506
94,1224,0.6667728424072266
94,728,0.6526556611061096
94,1620,0.6476007103919983
96,1573,0.7655580043792725
96,2739,0.7542506456375122
96,671,0.746776282787323
96,3275,0.737786054611206
96,1721,0.7348788976669312
97,2589,0.8061541318893433
98,1508,0.684441328048706
99,2264,0.6500420570373535
99,880,0.6354967355728149
101,469,0.7996031045913696
101,1512,0.7808754444122314
101,384,0.7334951162338257
102,2885,0.7005608081817627
102,246,0.6948037147521973
102,1342,0.6742327213287354
102,2910,0.6630157232284546
102,1534,0.6524711847305298
102,427,0.647564709186554
103,2076,0.7950659394264221
103,1877,0.7784865498542786
103,3337,0.7732293605804443
103,3228,0.772308349609375
103,1948,0.7638064622879028
103,3181,0.7607192397117615
103,1926,0.7607192397117615
103,2840,0.7605886459350586
103,1623,0.7571803331375122
103,1675,0.7569295763969421
103,2509,0.7515497207641602
103,2019,0.7493462562561035
103,1720,0.7493462562561035
104,2468,0.7212719917297363
104,1866,0.6519260406494141
105,765,0.7870018482208252
105,1779,0.7733227014541626
105,185,0.7670340538024902
105,2233,0.7616515755653381
106,2071,0.8270745277404785
106,2434,0.7785311937332153
106,983,0.7773358225822449
106,1329,0.7746504545211792
106,2949,0.7661386728286743
106,253,0.7608083486557007
106,846,0.7519069910049438
106,3177,0.743679404258728
106,1099,0.7434087991714478
107,2535,0.8499345183372498
107,582,0.8238586187362671
107,418,0.8024869561195374
107,1902,0.7990830540657043
107,122,0.7974065542221069
107,1964,0.796806812286377
107,2551,0.7858076095581055
107,1712,0.7857120037078857
107,2153,0.7845022678375244
107,1073,0.7806940078735352
107,968,0.7799850702285767
107,3037,0.7799850702285767
108,1516,0.769442081451416
108,953,0.7512272596359253
108,2686,0.7490910291671753
108,382,0.7445975542068481
110,439,0.7094879150390625
111,391,0.8354623317718506
111,1709,0.8061384558677673
111,1671,0.7972429394721985
111,3106,0.7962801456451416
111,2511,0.7951914072036743
111,1817,0.7935972213745117
111,1559,0.7925306558609009
111,2575,0.7921127080917358
111,582,0.7917961478233337
111,273,0.7901654839515686
111,2535,0.7873304486274719
111,3097,0.7863782048225403
112,391,0.8445940017700195
112,2604,0.8215467929840088
112,475,0.8155118227005005
112,1475,0.8138440847396851
112,203,0.8125470876693726
112,2294,0.8115919232368469
112,3204,0.8046265244483948
112,1105,0.804506778717041
112,2830,0.803351640701294
112,1586,0.8033290505409241
113,772,0.8298736810684204
113,287,0.7991108894348145
113,738,0.7970161437988281
113,3325,0.7906453013420105
113,1063,0.7884006500244141
113,1202,0.7819100022315979
113,2589,0.7802404165267944
113,2444,0.7776213884353638
114,1871,0.7314416170120239
116,910,0.7712846994400024
116,3231,0.7355839014053345
118,1059,0.7895972728729248
118,1793,0.7585939168930054
118,1964,0.7515158653259277
118,733,0.745840311050415
118,458,0.7441375255584717
119,987,0.8300295472145081
119,1677,0.8300209641456604
119,2401,0.8085377216339111
119,1111,0.8043352365493774
119,3020,0.8016802668571472
119,2427,0.7863403558731079
119,1305,0.7712301015853882
119,2919,0.768572211265564
120,979,0.8080408573150635
120,2328,0.7994202375411987
120,2031,0.7952042818069458
120,1639,0.7793512344360352
120,2832,0.767087459564209
120,2565,0.7649523019790649
120,169,0.7623809576034546
120,2236,0.7607262134552002
120,400,0.7576085925102234
121,3160,0.6705191135406494
122,418,0.8075462579727173
122,1902,0.8015246987342834
122,3002,0.7991641759872437
122,1495,0.7983660697937012
122,2922,0.7787964344024658
122,968,0.7740879654884338
122,3037,0.7740879654884338
122,1213,0.7723101377487183
122,2071,0.7720654010772705
123,2079,0.7181397080421448
124,1503,0.6513290405273438
125,447,0.7806004881858826
125,1241,0.7692722082138062
125,3310,0.7684788703918457
125,1168,0.7580258846282959
125,1318,0.7562494874000549
125,2493,0.7560513615608215
125,313,0.7551458477973938
126,2050,0.7111589908599854
126,1326,0.6869864463806152
127,1537,0.7877109050750732
128,2638,0.7322115898132324
128,2067,0.7302119731903076
128,3257,0.7240525484085083
128,583,0.7221300601959229
128,1841,0.7145458459854126
129,2721,0.7988873720169067
129,2932,0.7754224538803101
129,1715,0.766129732131958
129,976,0.7611179351806641
129,2923,0.7544939517974854
129,3252,0.7518483400344849
129,640,0.747321367263794
129,2945,0.7447426915168762
129,2291,0.7436190843582153
129,560,0.7349178791046143
129,1950,0.7310508489608765
129,1954,0.7291289567947388
130,146,0.6959787607192993
130,1753,0.6631311774253845
130,2636,0.6627486348152161
131,3220,0.6720298528671265
131,1465,0.6486060619354248
132,2181,0.7580779790878296
132,506,0.7466111183166504
132,1522,0.7301682233810425
133,873,0.7634526491165161
133,710,0.7476732730865479
133,156,0.7277891039848328
134,3001,0.7365597486495972
134,2385,0.7365597486495972
134,2592,0.7181485891342163
134,2327,0.7094879150390625
134,2060,0.7034275531768799
134,2955,0.6942329406738281
134,1862,0.6913350820541382
136,2283,0.8358679413795471
136,432,0.8195592761039734
136,986,0.8195127248764038
136,551,0.8097900152206421
136,2322,0.8076432943344116
136,762,0.8075881600379944
136,982,0.803330659866333
136,2355,0.7920421361923218
136,320,0.7905641198158264
136,1618,0.785283088684082
136,2602,0.7801103591918945
137,891,0.7461092472076416
137,1242,0.7388712167739868
137,1041,0.7283077836036682
137,1074,0.7213082313537598
137,1046,0.7093624472618103
138,1583,0.7592535018920898
138,1163,0.7068571448326111
138,1549,0.7048431634902954
138,271,0.7029646635055542
139,1588,0.6925880908966064
140,2048,0.8211257457733154
140,1874,0.8143068552017212
140,1537,0.8142368793487549
140,543,0.8011319637298584
140,2216,0.7944258451461792
140,2250,0.7937544584274292
140,1553,0.7937544584274292
140,3129,0.7937544584274292
140,833,0.786043643951416
140,1659,0.784093976020813
140,2013,0.780680775642395
140,1389,0.7713923454284668
140,2151,0.7711014747619629
140,3292,0.768100380897522
141,1424,0.7320952415466309
142,1871,0.7342841625213623
143,436,0.8278486728668213
143,1830,0.7935770750045776
143,425,0.7374536991119385
144,1276,0.800434410572052
144,1760,0.7709102630615234
144,2402,0.7599279880523682
144,3109,0.7505481839179993
145,277,0.7458186149597168
145,1503,0.6775134801864624
145,1640,0.6767399907112122
145,2096,0.6557419300079346
145,610,0.6313740015029907
145,1736,0.6268200278282166
145,1384,0.6251819133758545
146,3261,0.7047810554504395
146,285,0.6924457550048828
146,3175,0.6924457550048828
146,2377,0.672722578048706
147,1468,0.7459176182746887
147,148,0.7443184852600098
148,1948,0.7671741247177124
148,980,0.7579216957092285
148,755,0.7385140657424927
148,2252,0.7307500839233398
149,1686,0.7046512365341187
149,852,0.6731754541397095
150,282,0.6878331899642944
151,267,0.778449535369873
151,3071,0.7778711318969727
151,2686,0.7666194438934326
151,2262,0.7496383190155029
152,1800,0.8974882364273071
152,2279,0.747368574142456
154,277,0.6510923504829407
155,231,0.7608452439308167
156,906,0.7880693674087524
156,2346,0.7621966004371643
156,313,0.7507833242416382
156,2462,0.7425850629806519
156,2356,0.7293092608451843
157,640,0.732136607170105
157,2672,0.7320863008499146
157,1977,0.7005518078804016
157,867,0.694297194480896
158,364,0.8224796056747437
158,509,0.8156516551971436
158,1273,0.8044241666793823
158,469,0.8008252382278442
158,1543,0.8005955219268799
158,2338,0.7954351902008057
158,230,0.7930036187171936
160,1253,0.8137322664260864
160,2527,0.8115382194519043
160,2361,0.8094559907913208
160,1251,0.7981300354003906
160,2273,0.7882198095321655
160,2355,0.7843207120895386
160,2702,0.7828686833381653
160,2602,0.7806487083435059
160,323,0.7750926613807678
161,425,0.7570157647132874
161,1411,0.7420544624328613
161,1039,0.7000400424003601
161,202,0.6936272382736206
162,2402,0.7805758118629456
162,3028,0.7789865136146545
162,1987,0.7459481954574585
162,2667,0.7378256320953369
162,2756,0.730152428150177
162,1247,0.7270225286483765
163,3235,0.8030896186828613
163,2815,0.7281403541564941
163,3143,0.7259616851806641
164,242,0.7739554643630981
164,846,0.7680659890174866
164,1134,0.7322362661361694
165,2028,0.7679774165153503
166,2177,0.7412195205688477
166,2183,0.7072404623031616
166,539,0.6980713605880737
166,796,0.680126428604126
166,1845,0.6730595827102661
167,1759,0.7740241289138794
167,2137,0.7358006834983826
168,1949,0.7885386943817139
168,1441,0.6995404958724976
168,1777,0.6890168190002441
169,295,0.8416604995727539
169,1639,0.8186233043670654
169,550,0.767994225025177
170,579,0.8324175477027893
170,2393,0.824349045753479
170,2309,0.8161981701850891
170,1760,0.8146024346351624
170,993,0.8070747256278992
170,2431,0.8069959878921509
170,3235,0.8060731887817383
170,3173,0.7949284315109253
170,2693,0.7943404912948608
170,2389,0.7900826930999756
170,1550,0.7865433096885681
170,912,0.7860289216041565
170,758,0.7841292023658752
170,828,0.7797848582267761
170,1751,0.7791412472724915
171,1453,0.7596570253372192
171,1359,0.7363355755805969
171,1093,0.7337019443511963
172,405,0.5861069560050964
174,3337,0.7772712707519531
174,2072,0.7675468921661377
174,3278,0.7308346033096313
175,1725,0.6732509136199951
175,525,0.6564477682113647
176,1421,0.75475013256073
176,2759,0.6842069625854492
176,1949,0.676193356513977
177,2431,0.80971360206604
177,2389,0.7938311696052551
177,2004,0.7741473913192749
178,813,0.767657995223999
179,792,0.837357223033905
179,2518,0.8003016114234924
179,819,0.7915863990783691
179,1724,0.7896054983139038
179,2521,0.7673635482788086
179,1722,0.7319055795669556
179,2523,0.7284396886825562
179,825,0.7162113189697266
179,822,0.685612142086029
180,3073,0.6424846649169922
181,779,0.6824469566345215
182,1711,0.766569972038269
182,1826,0.7518879771232605
182,2340,0.7480219602584839
182,2570,0.7256627082824707
182,3015,0.7239466309547424
182,1504,0.7103279829025269
182,376,0.7068259716033936
183,341,0.7150559425354004
183,200,0.7150559425354004
183,2113,0.714003324508667
183,1556,0.7114747762680054
185,1163,0.814238965511322
185,1779,0.7797789573669434
185,1517,0.7785890102386475
185,2444,0.7778160572052002
185,381,0.7569580078125
186,1948,0.7847529649734497
186,320,0.7711953520774841
186,1752,0.7612036466598511
186,1883,0.7455090284347534
186,2061,0.7362064123153687
187,1404,0.7444972395896912
187,1392,0.7096081972122192
187,3237,0.705951988697052
187,3081,0.7054476737976074
187,1452,0.7051469087600708
188,859,0.7308714389801025
188,1911,0.7266323566436768
189,3080,0.7671388983726501
189,1091,0.7449545860290527
189,1815,0.7272939682006836
190,1224,0.6614112854003906
191,1525,0.6879956126213074
191,794,0.6876881122589111
191,375,0.6800282001495361
191,1982,0.6704114675521851
192,2734,0.7260509729385376
192,2595,0.6826850175857544
193,2352,0.6962289810180664
194,2511,0.7900431752204895
194,514,0.7647064924240112
194,3075,0.7638795375823975
194,255,0.74786376953125
194,2747,0.7442941665649414
194,1559,0.7440003156661987
194,1981,0.7438135147094727
194,2769,0.7422708868980408
194,1985,0.7374858856201172
195,569,0.6949291229248047
196,438,0.7454685568809509
197,1471,0.7466614246368408
197,882,0.7098389863967896
198,1217,0.7211035490036011
198,1616,0.7125238180160522
198,1504,0.6994611024856567
199,916,0.7575177550315857
199,543,0.7522803544998169
199,2672,0.7298599481582642
199,549,0.726765513420105
199,1841,0.725602924823761
200,341,0.9999998807907104
200,3085,0.7683297395706177
200,3266,0.7315504550933838
200,235,0.7153774499893188
201,2072,0.7778173685073853
201,2945,0.7501136064529419
201,1623,0.730536937713623
201,3242,0.7183976173400879
201,2927,0.7167272567749023
202,1224,0.6945177316665649
202,1039,0.6829404830932617
203,1071,0.8023021221160889
203,3141,0.8011688590049744
203,1127,0.7906561493873596
203,2604,0.7867954969406128
203,738,0.7802072763442993
203,291,0.7778708934783936
203,2358,0.777553915977478
203,954,0.7766621708869934
204,777,0.7125253081321716
204,1713,0.6821388006210327
205,2401,0.8427879214286804
205,987,0.8332962393760681
205,1202,0.8253396153450012
205,436,0.8253171443939209
205,2289,0.8225446343421936
205,2589,0.8193881511688232
205,3068,0.8179504871368408
205,2563,0.8143441081047058
205,3282,0.8074949979782104
205,1586,0.8041053414344788
205,3136,0.79305100440979
205,1570,0.79305100440979
206,2303,0.823283314704895
206,273,0.8096311092376709
206,1966,0.7935167551040649
206,3235,0.7907878160476685
206,2701,0.7831842303276062
206,613,0.7742208242416382
206,1290,0.7709421515464783
206,2280,0.7637991905212402
207,207,1.0
207,3156,0.7360397577285767
209,2919,0.7547808885574341
210,418,0.7986829280853271
210,1325,0.7809785008430481
210,1069,0.747988224029541
210,228,0.7420547008514404
210,2341,0.741675615310669
211,2119,0.7279089689254761
213,2701,0.7745962142944336
213,1963,0.7527005672454834
213,1013,0.7426403164863586
213,2815,0.7354156374931335
213,824,0.7269600629806519
214,1478,0.7142007350921631
215,2714,0.7706798911094666
215,1754,0.7479480504989624
215,1163,0.7297889590263367
216,882,0.7780459523200989
216,1963,0.7537065744400024
216,1219,0.7341933250427246
216,2156,0.7183198928833008
216,3261,0.7090187072753906
216,3340,0.7072832584381104
216,1965,0.7069112062454224
217,2041,0.7235082387924194
218,1886,0.6944122314453125
218,3061,0.6738166809082031
218,2879,0.6710568070411682
219,1105,0.790924072265625
219,2499,0.7882910966873169
219,2461,0.7748894691467285
219,426,0.7746442556381226
219,2356,0.767033576965332
219,2656,0.7651296854019165
219,2753,0.7630647420883179
219,2903,0.7580543756484985
219,857,0.7559652328491211
219,241,0.7537729740142822
219,906,0.7536762356758118
219,2516,0.7512906789779663
220,2019,0.7388309240341187
220,1720,0.7388309240341187
220,2799,0.7163068056106567
220,1880,0.6990496516227722
221,236,0.7565463781356812
221,2894,0.7472389936447144
221,3340,0.7210211753845215
221,2084,0.7197465896606445
221,3084,0.716281533241272
221,1208,0.7117033004760742
221,3051,0.708643913269043
221,2050,0.707226574420929
221,1061,0.7050352096557617
221,2846,0.701137900352478
222,3235,0.7993291616439819
222,1302,0.7990982532501221
222,1442,0.7975441217422485
222,2185,0.7961846590042114
222,1290,0.7918894290924072
222,1733,0.7786976099014282
222,1850,0.77604740858078
222,353,0.7742526531219482
222,2304,0.7740393877029419
222,1087,0.7708499431610107
222,412,0.770829975605011
223,521,0.7810868620872498
223,2438,0.7304449081420898
224,2821,0.6746966242790222
224,985,0.6440809965133667
225,1452,0.7396130561828613
225,549,0.73308265209198
225,2638,0.7294604778289795
225,2680,0.7154152393341064
225,1947,0.7106550931930542
227,2304,0.765588641166687
227,3118,0.7327625751495361
227,2195,0.7292548418045044
227,394,0.7242001891136169
228,1820,0.7581627368927002
228,2915,0.7532174587249756
228,2451,0.7517915964126587
228,914,0.7489672899246216
228,2558,0.7217843532562256
229,1874,0.7368663549423218
229,1691,0.7200493812561035
230,364,0.8256694674491882
230,982,0.8118224143981934
230,1925,0.7992256879806519
230,3014,0.7971466779708862
230,2735,0.7929046154022217
230,1543,0.7900892496109009
230,1361,0.7850590944290161
230,2344,0.7828934788703918
230,2487,0.782218337059021
230,1929,0.7812851667404175
230,3094,0.7792378067970276
231,642,0.7836130857467651
231,2142,0.7021626234054565
232,2747,0.7579598426818848
232,2769,0.7511869668960571
232,3304,0.7426023483276367
232,1766,0.7201926708221436
232,389,0.7201528549194336
232,2766,0.717299222946167
232,1510,0.7060157060623169
233,3156,0.7360397577285767
234,3006,0.8345534801483154
234,1760,0.8260750770568848
234,3299,0.81444251537323
234,2445,0.8103992938995361
234,757,0.8095240592956543
234,2393,0.809052050113678
234,1161,0.8054264783859253
234,2324,0.8034464120864868
234,3028,0.8017613887786865
234,1980,0.8002435564994812
234,2421,0.797537088394165
234,1314,0.7942248582839966
234,2206,0.7904627323150635
234,418,0.7871285676956177
235,776,0.7483136653900146
235,341,0.7153774499893188
235,3266,0.7144924998283386
235,3085,0.709954023361206
236,2834,0.7454528212547302
236,2084,0.687217116355896
237,2283,0.8271317481994629
237,2557,0.8210333585739136
237,251,0.820762038230896
237,320,0.8122061491012573
237,986,0.7784717082977295
238,851,0.6972464919090271
239,1213,0.7851698398590088
239,571,0.7736099362373352
239,2162,0.7647483348846436
239,2386,0.763482928276062
239,1215,0.7539095878601074
239,2816,0.7523341178894043
240,2412,0.8219327330589294
240,1361,0.8150479197502136
240,1007,0.8031941652297974
240,1944,0.794903576374054
240,1300,0.7934751510620117
240,310,0.7857621312141418
240,2485,0.7832134366035461
240,1133,0.7806089520454407
240,2234,0.779820442199707
240,756,0.7795684337615967
241,3221,0.8171747922897339
241,2153,0.7883928418159485
241,242,0.7713824510574341
241,3020,0.7637004852294922
241,510,0.7539202570915222
241,1077,0.7508577108383179
241,3290,0.7508577108383179
242,2918,0.9047113656997681
242,2508,0.8069673776626587
242,1594,0.8031491041183472
242,336,0.7820322513580322
242,2922,0.7682081460952759
242,1305,0.767412543296814
242,2499,0.766537070274353
242,2162,0.7647674083709717
242,1298,0.7636785507202148
242,1221,0.7609958648681641
243,1410,0.663042426109314
243,1246,0.6444734334945679
245,1605,0.8029971122741699
245,780,0.7690308094024658
245,2462,0.7521785497665405
245,2443,0.7508215308189392
245,2354,0.746930718421936
246,1443,0.689096212387085
247,1477,0.7277731895446777
247,2683,0.7137702107429504
248,813,0.7648861408233643
248,1961,0.7639797925949097
248,624,0.7635729312896729
248,3168,0.7599672079086304
248,1552,0.7560959458351135
248,2711,0.7541667222976685
248,647,0.7432535886764526
248,576,0.736197292804718
251,2283,0.856763482093811
251,551,0.8408130407333374
251,320,0.8257839679718018
251,432,0.8240580558776855
251,2557,0.8194659352302551
251,986,0.8133134841918945
251,1266,0.8101422786712646
251,2275,0.8048901557922363
251,982,0.7990769147872925
251,370,0.7941759824752808
251,1618,0.7912672758102417
251,2308,0.7889016270637512
252,3339,0.7261309623718262
253,2408,0.8092013597488403
253,2943,0.770663857460022
253,531,0.759012758731842
253,1257,0.7557238340377808
253,348,0.7231388092041016
254,2608,0.6838223934173584
254,2764,0.6496894359588623
255,2145,0.7026256322860718
255,2176,0.6874471306800842
256,2010,0.7549517750740051
256,2155,0.7316491603851318
256,3345,0.721184253692627
257,642,0.8535038828849792
257,1843,0.7588023543357849
257,1281,0.7400254011154175
257,2746,0.7382932901382446
257,1608,0.7260868549346924
259,938,0.7777137160301208
259,2101,0.7641185522079468
259,2863,0.7636406421661377
259,649,0.7621612548828125
259,3168,0.7530438899993896
259,3228,0.7524980306625366
259,1275,0.7403377294540405
259,1219,0.7377160787582397
260,1104,0.8355386257171631
260,1576,0.7844641804695129
261,2993,0.626628041267395
262,2358,0.7888879776000977
262,3304,0.7539221048355103
262,605,0.6981816291809082
262,2292,0.6682390570640564
264,2899,0.7099849581718445
264,1861,0.693533718585968
266,976,0.7736131548881531
266,3340,0.7469062805175781
266,1815,0.7466596364974976
266,1219,0.7456231117248535
266,1275,0.7391191720962524
267,1468,0.777396559715271
267,1908,0.7755932807922363
267,3118,0.7650175094604492
267,2724,0.7615377902984619
267,3063,0.7608790397644043
268,2542,0.7434305548667908
268,2865,0.7214978933334351
270,2865,0.8510338664054871
270,2786,0.7721134424209595
270,2674,0.7678236961364746
271,359,0.7201871871948242
271,455,0.7200192213058472
271,845,0.6986351013183594
271,1179,0.6984965205192566
271,1281,0.6974313855171204
272,547,0.6800340414047241
273,881,0.8104532957077026
273,613,0.810448944568634
273,1071,0.7982683181762695
273,1159,0.7974861860275269
273,2428,0.7920379638671875
273,2386,0.7841575741767883
273,353,0.7753262519836426
274,274,1.0
274,371,0.999314546585083
274,3017,0.7916751503944397
274,1090,0.7916751503944397
274,2331,0.7836060523986816
274,3203,0.765332043170929
274,2579,0.7648591995239258
274,2919,0.7584569454193115
275,2638,0.7535083293914795
275,1744,0.7524581551551819
275,833,0.748928427696228
275,1250,0.7304060459136963
276,2378,0.7103817462921143
277,1640,0.7062431573867798
277,2802,0.7062119245529175
277,2580,0.6923786401748657
277,803,0.6646769642829895
277,1503,0.6610279083251953
277,1148,0.6524556875228882
278,2537,0.738274335861206
278,425,0.722052276134491
278,1230,0.7057809829711914
278,1957,0.6897968053817749
278,2804,0.6862366199493408
278,2925,0.6832626461982727
278,728,0.6429893374443054
279,611,0.9905457496643066
279,3271,0.721521258354187
279,2681,0.6714291572570801
279,2720,0.6456270217895508
280,2995,0.8090968132019043
280,2277,0.7998929619789124
280,1573,0.7827391028404236
280,571,0.7682370543479919
280,1901,0.7340008020401001
281,1830,0.8300603628158569
281,1133,0.8073011636734009
281,1652,0.8055486679077148
281,2423,0.7967827320098877
281,1716,0.7808058261871338
281,1784,0.7808042764663696
281,1330,0.7794201374053955
281,2565,0.775739312171936
282,2605,0.7144663333892822
282,3005,0.709558367729187
283,1716,0.776036262512207
283,521,0.7339096069335938
283,2438,0.7288722991943359
284,3235,0.790476381778717
284,1980,0.789696216583252
284,2380,0.7841436266899109
284,2389,0.7837925553321838
284,1314,0.7813389301300049
284,1296,0.776465892791748
284,1564,0.7764219045639038
284,1501,0.7751233577728271
284,1739,0.7672833204269409
284,1889,0.763774037361145
285,285,1.0
285,2477,0.7095804214477539
285,1875,0.6994220018386841
285,2136,0.6890926957130432
286,286,1.0
286,2026,0.7538998126983643
287,3204,0.7837249040603638
287,307,0.7768465280532837
287,2444,0.776645839214325
287,2604,0.7750602960586548
287,738,0.774301290512085
287,2563,0.7740209102630615
288,378,0.9911439418792725
288,913,0.9102988243103027
289,930,0.7992537021636963
289,1838,0.774972677230835
289,2206,0.7701163291931152
289,2578,0.7677491903305054
289,419,0.7612189054489136
289,1107,0.7603884339332581
290,2395,0.5932794809341431
291,2243,0.8380914926528931
291,462,0.8089618682861328
291,1467,0.7909080982208252
291,1560,0.7902539968490601
291,1440,0.7816304564476013
292,980,0.7614634037017822
292,1877,0.7577123641967773
292,2066,0.7565787434577942
292,3228,0.7564505338668823
292,2621,0.7519197463989258
292,1406,0.7466102838516235
293,2565,0.765552282333374
293,3091,0.7427159547805786
294,3048,0.5554970502853394
295,2397,0.8372602462768555
295,509,0.8206305503845215
295,2490,0.8162447214126587
295,1273,0.7951490879058838
295,977,0.7931383848190308
295,742,0.7827691435813904
295,2102,0.774591863155365
295,441,0.7731990814208984
296,451,0.7471727132797241
297,297,1.0
297,1440,0.7968884706497192
297,2387,0.7438613176345825
298,2511,0.7797272205352783
298,3104,0.777584433555603
298,3192,0.7554922103881836
298,1964,0.7518070340156555
298,2160,0.7515320777893066
298,2456,0.7504096031188965
298,2474,0.7499173283576965
298,1793,0.7494515180587769
298,1737,0.7490279674530029
298,3341,0.7480652928352356
298,3011,0.7328944206237793
300,390,0.8272183537483215
300,2206,0.8127461671829224
300,3299,0.8121951818466187
300,3070,0.7974768877029419
300,456,0.793880820274353
300,2131,0.7927246689796448
300,1485,0.7882595062255859
300,2829,0.7874997854232788
300,1980,0.7836593389511108
300,1760,0.7825332880020142
300,1960,0.7796438932418823
300,1173,0.7771487236022949
300,1292,0.7731060981750488
301,2045,0.6909452676773071
301,1660,0.6854432821273804
302,670,0.7692301869392395
302,2892,0.7682250738143921
302,647,0.7531296610832214
302,594,0.7416845560073853
302,3251,0.74053955078125
302,1490,0.7393012642860413
302,3353,0.7367429733276367
302,609,0.7308852672576904
302,2271,0.7300413846969604
303,1715,0.7816769480705261
303,1648,0.767848014831543
303,2721,0.7438696026802063
303,1874,0.7387897968292236
303,818,0.7312197089195251
303,2182,0.7207333445549011
303,2151,0.7107540369033813
304,3127,0.7333253026008606
304,2850,0.7333253026008606
304,518,0.709507942199707
305,2261,0.6999543309211731
306,1266,0.809942364692688
306,370,0.7466570138931274
307,2294,0.8395814299583435
307,2331,0.8033362627029419
307,1917,0.797990620136261
307,1782,0.7851005792617798
307,1059,0.7839019298553467
307,3214,0.774864673614502
308,1760,0.7969759106636047
308,2591,0.7535953521728516
309,1155,0.7526531219482422
309,1408,0.7526531219482422
310,1586,0.8104017972946167
310,1300,0.8027330636978149
310,1543,0.7953052520751953
310,2234,0.7917338609695435
310,1731,0.7888505458831787
311,738,0.7773118019104004
311,1771,0.7499704360961914
313,1682,0.7829734086990356
313,906,0.7746502161026001
313,2410,0.7715860605239868
313,1350,0.7574983835220337
314,1074,0.7066293954849243
315,1133,0.8054651021957397
317,3016,0.6827254295349121
317,991,0.6767095327377319
318,1071,0.7956218719482422
318,520,0.7344695329666138
319,1898,0.7087463736534119
320,2283,0.8410571813583374
320,551,0.8364355564117432
320,986,0.8293927907943726
320,432,0.8293783664703369
320,2557,0.8239305019378662
320,982,0.8028146028518677
320,2322,0.7978633642196655
320,488,0.7905819416046143
320,1266,0.7819784879684448
320,1618,0.7769006490707397
321,639,0.7238316535949707
323,2338,0.7945117950439453
323,1271,0.7927054762840271
323,361,0.7691291570663452
323,949,0.7679398655891418
323,602,0.7673066258430481
323,2602,0.7593712210655212
324,3318,0.7307814359664917
324,970,0.7159181833267212
324,2491,0.702012300491333
325,724,0.8085936307907104
325,352,0.7923622131347656
325,2001,0.7769203186035156
325,1590,0.7735638618469238
325,1450,0.7691993713378906
325,2024,0.766928493976593
325,2854,0.7498264312744141
325,2064,0.7445830702781677
325,2146,0.7445279359817505
325,2562,0.7395168542861938
325,559,0.737758219242096
328,456,0.7631233334541321
329,1139,0.8291155099868774
329,912,0.8104839324951172
329,1656,0.7916361689567566
329,1249,0.7881799936294556
329,2190,0.7672041654586792
329,1067,0.7622462511062622
329,1802,0.7600259780883789
330,2481,0.7525250911712646
331,2044,0.8085613250732422
331,1070,0.739901065826416
331,924,0.7300106287002563
331,1277,0.7249870300292969
331,956,0.7121833562850952
331,1923,0.7043231129646301
331,1243,0.7012786865234375
332,1160,0.6639488339424133
332,3247,0.6168169975280762
332,1580,0.6168169975280762
333,2193,0.6547884941101074
334,502,0.9370458126068115
334,1797,0.7671812772750854
334,1403,0.7569337487220764
334,3098,0.7374087572097778
334,1911,0.7290768623352051
334,2688,0.7187570333480835
334,1066,0.7107109427452087
334,722,0.7048585414886475
336,788,0.7641016840934753
336,2033,0.754047155380249
336,1478,0.7518756985664368
336,3074,0.7490090131759644
336,2918,0.7394298315048218
336,2054,0.7335513830184937
337,3153,0.7394031882286072
337,3304,0.7350114583969116
337,2769,0.7215739488601685
337,696,0.7078098058700562
338,2058,0.8077839612960815
338,2947,0.7746246457099915
338,3035,0.7611398696899414
338,817,0.7588427662849426
338,1490,0.754340648651123
338,2680,0.7494739294052124
338,3054,0.7425698637962341
339,941,0.7653489112854004
339,2562,0.7445931434631348
339,1575,0.7325996160507202
339,347,0.7089709043502808
339,1686,0.7089137434959412
339,3248,0.7084062099456787
341,3085,0.7683297395706177
341,3266,0.7315504550933838
343,448,0.6526306867599487
343,596,0.640007495880127
343,355,0.6184406280517578
344,2967,0.7143113017082214
344,1494,0.704681396484375
344,3338,0.701956033706665
344,1592,0.701956033706665
344,468,0.697651743888855
345,2240,0.7012096047401428
345,2977,0.6856104731559753
346,2540,0.7238754034042358
346,2682,0.6648012399673462
347,2233,0.7614073753356934
347,2029,0.7460451722145081
347,2180,0.7460451722145081
347,1824,0.724340558052063
347,1744,0.7139513492584229
347,2592,0.7061437368392944
347,2665,0.7011507153511047
347,1719,0.6993152499198914
347,852,0.6984522342681885
348,2408,0.7666478157043457
348,1257,0.7521492838859558
348,2392,0.7362183332443237
348,1418,0.7273828983306885
348,1770,0.7213815450668335
348,1223,0.7115048766136169
349,1773,0.6849595308303833
349,2925,0.6832460165023804
349,2804,0.676435112953186
350,2468,0.6829915046691895
350,3122,0.6577664613723755
351,1839,0.7433872818946838
351,2885,0.726752758026123
351,575,0.7116392254829407
351,1534,0.6947145462036133
351,3016,0.681015133857727
352,1537,0.8097572326660156
352,470,0.8085955381393433
352,982,0.79742032289505
352,3014,0.7936357855796814
352,3249,0.7927026748657227
352,813,0.7915564179420471
352,624,0.789913535118103
352,3292,0.7887189388275146
352,2072,0.7859641313552856
352,2892,0.7823526859283447
352,3101,0.7810906171798706
352,1590,0.7791690826416016
352,2325,0.7765951156616211
353,3263,0.7819470167160034
353,875,0.7790939807891846
353,2123,0.7777788639068604
353,2386,0.7746350765228271
353,1578,0.7717281579971313
353,3119,0.7717281579971313
353,658,0.7706330418586731
353,2410,0.770494818687439
353,2028,0.7665482759475708
353,906,0.7657071352005005
354,1751,0.7557240128517151
355,3269,0.6629202365875244
355,596,0.6598292589187622
355,1786,0.6390436887741089
356,3133,0.7703673839569092
356,1514,0.7703673839569092
356,2122,0.7218626737594604
356,2973,0.7070672512054443
356,2646,0.7068438529968262
356,2377,0.6977603435516357
356,3343,0.6972667574882507
357,439,0.7075958847999573
357,3143,0.7018986940383911
357,2685,0.648964524269104
357,2075,0.6477283239364624
358,2360,0.7417587041854858
358,2646,0.7335820198059082
358,1990,0.6844515800476074
359,2436,0.7652146816253662
359,2537,0.6898725032806396
359,1179,0.6504210233688354
360,726,0.7000528573989868
361,436,0.7776346206665039
361,1382,0.7718414068222046
361,1271,0.7597817182540894
362,624,0.8077426552772522
362,365,0.7741706371307373
362,647,0.742271900177002
362,2840,0.740974485874176
362,576,0.7381579875946045
362,1678,0.7238781452178955
364,1253,0.8486855030059814
364,2511,0.8411713242530823
364,509,0.8407930135726929
364,1059,0.8330500721931458
364,2294,0.8257215023040771
364,2397,0.8256721496582031
364,2197,0.8256000280380249
364,1415,0.8225958347320557
364,2487,0.8213104009628296
364,2317,0.8200072050094604
364,1594,0.8199594020843506
364,2331,0.818928599357605
364,3094,0.8164763450622559
365,1744,0.7947589159011841
365,506,0.7374101877212524
365,377,0.7338500022888184
366,3314,0.7790287733078003
366,732,0.7763226628303528
367,840,0.7153432965278625
368,1940,0.744475781917572
368,797,0.6985876560211182
368,2505,0.6865273714065552
369,1048,0.7256016731262207
369,1447,0.7216144800186157
370,1266,0.7868165969848633
370,2275,0.7821311950683594
370,1622,0.7813682556152344
370,415,0.7642556428909302
371,1551,0.999314546585083
371,1090,0.7898246049880981
371,3017,0.7898246049880981
371,2563,0.770456075668335
371,3203,0.7642573118209839
371,2579,0.7642290592193604
371,2919,0.7580568194389343
372,1847,0.7399461269378662
372,2034,0.7179393768310547
372,2450,0.7179269790649414
372,2145,0.7103058099746704
372,1449,0.7008265256881714
374,668,0.6941275596618652
375,1525,0.7524869441986084
375,794,0.7366973161697388
375,1982,0.7119302749633789
375,2312,0.6960846781730652
376,3015,0.7052949666976929
377,2964,0.8290761709213257
377,582,0.7945315837860107
377,650,0.7806299924850464
377,3106,0.7583827376365662
377,2137,0.7466913461685181
378,913,0.9176502227783203
379,1744,0.7299608588218689
379,2549,0.7278950214385986
379,1526,0.7142111659049988
379,464,0.707891583442688
380,1677,0.8324345350265503
380,1812,0.8322103023529053
380,393,0.8232908248901367
380,603,0.813407301902771
380,1639,0.8096103668212891
380,2243,0.8074947595596313
380,667,0.8073099851608276
380,391,0.8052190542221069
380,465,0.8000184297561646
380,1560,0.7923089265823364
380,2185,0.7911202311515808
380,2197,0.7907952070236206
381,2409,0.8239588737487793
381,1829,0.8124579191207886
381,1789,0.799747884273529
381,1811,0.7978509664535522
381,1517,0.7894065380096436
381,1754,0.7837383151054382
381,1527,0.7621894478797913
381,1647,0.7456784248352051
382,3325,0.7965037822723389
382,881,0.7866414785385132
382,3027,0.7765085697174072
382,2703,0.7573138475418091
383,2009,0.7268960475921631
383,3178,0.7159397602081299
383,1345,0.7082909345626831
383,635,0.6866651773452759
384,1935,0.7661522030830383
384,1517,0.76104336977005
384,415,0.7474144697189331
384,2350,0.7456477880477905
384,1921,0.7418296933174133
384,1555,0.738262414932251
384,1579,0.7283815145492554
385,1317,0.6711108684539795
385,3285,0.6628924608230591
386,386,1.0
386,2335,0.7707045078277588
386,1908,0.7448170185089111
386,1142,0.7407544255256653
387,1853,0.7400966882705688
387,812,0.6942015886306763
387,2244,0.6835947036743164
388,2790,0.7685976624488831
388,460,0.7669355869293213
388,1213,0.7658601999282837
388,1128,0.765475869178772
388,2175,0.7648601531982422
388,571,0.7602225542068481
388,476,0.7508875131607056
389,2766,0.7495119571685791
389,1700,0.7428257465362549
389,2895,0.7154904007911682
389,1683,0.7150371670722961
390,2131,0.7979323863983154
390,456,0.7825195789337158
390,3000,0.7769882678985596
390,1012,0.7769882678985596
390,3002,0.7741475105285645
390,2451,0.7415372133255005
390,1280,0.7404557466506958
391,3219,0.8398804664611816
391,1677,0.8210781812667847
391,1313,0.8187270164489746
391,1718,0.818274736404419
391,2294,0.814340353012085
391,965,0.8093932867050171
391,1709,0.80926114320755
391,1105,0.8048785328865051
392,2119,0.7226097583770752
392,2936,0.6944538354873657
393,2243,0.8298776149749756
393,667,0.8288874626159668
393,2508,0.8228646516799927
393,2277,0.8124127984046936
393,2412,0.8103231191635132
393,603,0.8099589943885803
393,2527,0.8097284436225891
393,1712,0.8068461418151855
393,1027,0.8062394857406616
393,1313,0.8055683970451355
393,965,0.8050199151039124
394,2050,0.7260591387748718
395,1544,0.6626193523406982
396,2086,0.7379564046859741
396,2327,0.7331783771514893
396,2060,0.7235111594200134
396,1054,0.7157267332077026
396,1726,0.7128527164459229
397,2184,0.7458796501159668
397,1668,0.7430036067962646
397,490,0.7381696701049805
397,1842,0.7280493974685669
397,457,0.700487494468689
397,2068,0.6934682130813599
397,870,0.6769521832466125
397,413,0.6765087246894836
398,420,0.7494256496429443
398,1196,0.717359185218811
398,1394,0.7135939598083496
399,2774,0.6238408088684082
400,2031,0.8559073805809021
400,2328,0.8037981390953064
400,482,0.8005446195602417
400,3295,0.8005087375640869
400,475,0.7984697818756104
400,979,0.776613175868988
400,851,0.775124728679657
400,940,0.7560309171676636
403,1469,0.6987415552139282
403,775,0.6647988557815552
404,2656,0.7797262668609619
404,3063,0.7660701274871826
404,2816,0.757240891456604
404,3008,0.7265527248382568
404,1991,0.7210785150527954
404,1697,0.7186316251754761
405,1792,0.6032483577728271
406,1387,0.7996872067451477
406,1233,0.7903664112091064
406,2343,0.7860207557678223
406,2355,0.784741997718811
406,1934,0.7608612179756165
407,953,0.7607558369636536
407,3018,0.7528016567230225
408,920,0.7069438695907593
408,1845,0.6913341879844666
408,3186,0.661311149597168
408,797,0.6535522937774658
409,1364,0.6678134202957153
409,1312,0.6618279814720154
409,2337,0.6532039642333984
409,2742,0.6423351764678955
410,2750,0.7100582122802734
410,1052,0.6995581984519958
410,2514,0.6618323922157288
410,1491,0.6425192356109619
411,531,0.7968534231185913
411,3062,0.7107020616531372
411,604,0.6857846975326538
412,3020,0.7845300436019897
412,1087,0.7558690309524536
412,2269,0.7410039901733398
412,2567,0.7367033958435059
413,1842,0.7185726165771484
413,2881,0.6856609582901001
413,870,0.678642749786377
413,834,0.6399418115615845
413,2085,0.6344090104103088
414,988,0.7848387956619263
414,2036,0.7786731719970703
414,2342,0.7786353826522827
414,2669,0.7727625370025635
414,745,0.7719912528991699
414,751,0.770247220993042
414,1610,0.7689010500907898
414,3262,0.7684849500656128
414,634,0.7654141187667847
415,1830,0.8079861402511597
415,2338,0.7945017218589783
415,1512,0.7898286581039429
415,2746,0.7810841798782349
415,1608,0.7771667242050171
415,1583,0.7544810771942139
415,1134,0.7488118410110474
417,1512,0.8028485774993896
417,1266,0.7851762175559998
417,1934,0.7838917970657349
417,1833,0.7808188199996948
417,2485,0.7771441340446472
417,2490,0.7632395625114441
417,1538,0.7628712058067322
418,3299,0.8371232748031616
418,579,0.8370636105537415
418,1820,0.8044145703315735
418,2535,0.8030868768692017
418,1004,0.8001190423965454
418,2125,0.799854040145874
418,757,0.797661304473877
418,1605,0.795077919960022
418,942,0.7906649112701416
418,1024,0.7895265817642212
418,1041,0.784309983253479
419,1701,0.7455874085426331
420,3173,0.7762796878814697
420,2545,0.7514442205429077
420,1427,0.7476803064346313
421,2608,0.7200533747673035
421,1205,0.7126712799072266
422,2042,0.6741207242012024
422,744,0.6722556352615356
422,1437,0.6719050407409668
423,2323,0.7854616641998291
423,3118,0.7512803077697754
423,1053,0.7326133251190186
424,1054,0.7236396074295044
424,2362,0.7133119106292725
425,1230,0.7348113656044006
425,1163,0.7177676558494568
425,1455,0.6969693303108215
426,2461,0.8197788000106812
426,1500,0.8141804933547974
426,1141,0.798045814037323
426,1594,0.7905060052871704
426,2324,0.7836219072341919
426,3004,0.7753655910491943
426,936,0.7651406526565552
426,1038,0.7643213272094727
427,1491,0.7077211141586304
427,1218,0.6414585113525391
427,2394,0.6357150673866272
427,2176,0.6333780288696289
428,592,0.7898678779602051
428,2388,0.7759382128715515
428,1733,0.7697497606277466
428,3063,0.7695868611335754
428,758,0.7618408203125
428,499,0.753608226776123
428,766,0.752295732498169
428,3305,0.7464914321899414
429,499,0.7516083717346191
429,1398,0.7438095808029175
429,782,0.7408196926116943
429,1771,0.7324069738388062
429,3118,0.7316651344299316
429,1965,0.7284266948699951
429,882,0.7228426933288574
429,1959,0.7222520112991333
430,1315,0.6638005375862122
431,813,0.766660213470459
431,1622,0.7632592916488647
431,1827,0.7573666572570801
431,904,0.7559553384780884
431,2903,0.7530854940414429
431,632,0.7436352372169495
431,1099,0.7318963408470154
432,2322,0.9061189889907837
432,551,0.8861441612243652
432,1618,0.8817989230155945
432,986,0.872285008430481
432,2308,0.8688570261001587
432,2283,0.85161292552948
432,2314,0.8370454907417297
432,2141,0.8242530822753906
432,488,0.8150091171264648
432,1387,0.7984790205955505
433,1042,0.7391430139541626
433,1794,0.724981427192688
433,3342,0.7247006893157959
433,1859,0.7240657806396484
433,3322,0.7196087837219238
433,3256,0.7176787853240967
433,2217,0.7116739749908447
435,2008,0.7346973419189453
436,987,0.882067084312439
436,764,0.8413504362106323
436,1104,0.8256471157073975
436,1782,0.824334979057312
436,2294,0.813718855381012
436,2422,0.7924412488937378
436,3282,0.7788221836090088
439,1699,0.7177349328994751
439,2050,0.7126471996307373
441,2714,0.8233859539031982
441,1382,0.8036004304885864
441,2053,0.7903807759284973
441,937,0.7836638689041138
441,585,0.772146999835968
441,3102,0.7670912742614746
441,2146,0.7652496099472046
442,2034,0.744903028011322
442,3030,0.7351627349853516
442,2091,0.7268928289413452
442,459,0.7266356945037842
442,598,0.7260727882385254
444,1151,0.7517894506454468
444,1697,0.7274646759033203
444,1620,0.7150629758834839
444,1549,0.6908354163169861
444,2281,0.6837999820709229
444,3324,0.6837999820709229
445,729,0.7362658977508545
445,3198,0.7346956729888916
445,2474,0.7237823605537415
445,1856,0.6743568181991577
446,2878,0.9999998211860657
446,1673,0.8214403390884399
446,557,0.7751646041870117
446,470,0.7737889289855957
446,3156,0.7691279649734497
446,1752,0.7578489780426025
446,1741,0.7516297698020935
446,3278,0.751242458820343
446,2675,0.7483398914337158
446,785,0.7403469085693359
446,3245,0.7386038303375244
447,906,0.7786265015602112
448,781,0.7017545700073242
448,2084,0.6956256628036499
450,1928,0.6831536293029785
450,2514,0.6574009656906128
450,1865,0.6560307741165161
450,1916,0.6351402997970581
450,2803,0.6347684860229492
451,661,0.743993878364563
453,1193,0.7546346187591553
453,3341,0.7448274493217468
453,885,0.7400885820388794
454,3280,0.7152906060218811
455,1266,0.8186219930648804
455,1517,0.7688369154930115
455,977,0.7371149063110352
455,1725,0.7346440553665161
455,2956,0.7133338451385498
456,2162,0.8276674747467041
456,2131,0.8101837635040283
456,2427,0.7891813516616821
456,2461,0.776255190372467
456,1173,0.7709577083587646
456,2233,0.7586280703544617
456,1292,0.7574977874755859
457,1842,0.7406488656997681
458,3192,0.7489794492721558
458,2474,0.7315444946289062
458,1208,0.7302720546722412
459,1809,0.7387595772743225
459,826,0.728270411491394
459,3191,0.6948158740997314
459,1381,0.6872729063034058
459,2150,0.6747717261314392
460,3325,0.7812829613685608
460,1440,0.7806084156036377
460,2036,0.7794966697692871
460,2039,0.7753418684005737
460,1712,0.7751032114028931
460,1063,0.7639538645744324
461,461,1.0
461,1686,0.7293668985366821
461,2271,0.7186250686645508
461,1913,0.6362665891647339
462,2243,0.8086533546447754
462,954,0.779803991317749
462,2039,0.7739440202713013
462,2313,0.7640802264213562
463,1668,0.739854097366333
463,1992,0.7301350831985474
463,773,0.6993552446365356
464,549,0.7184022665023804
464,812,0.7122796773910522
464,2549,0.7078511714935303
464,2666,0.6989436149597168
464,818,0.6940118074417114
465,1634,0.8248475790023804
465,1709,0.824560821056366
465,2324,0.8172761797904968
465,1344,0.8124061822891235
465,1980,0.8051446676254272
465,2021,0.8045262098312378
465,2654,0.8019386529922485
465,1141,0.7989170551300049
465,667,0.7985917329788208
465,1784,0.7939226627349854
467,1684,0.6874196529388428
468,2468,0.6777266263961792
468,1761,0.664225697517395
469,558,0.9401535391807556
469,837,0.7927951216697693
469,1361,0.7830303311347961
469,2557,0.7799358367919922
469,602,0.7753076553344727
470,1673,0.7999330759048462
470,2325,0.7982813119888306
470,2506,0.7968780994415283
470,2840,0.7930681705474854
470,1955,0.7900394797325134
470,2892,0.7877921462059021
470,3249,0.7851141691207886
470,1752,0.7827151417732239
470,2072,0.7818056344985962
470,2878,0.7737889289855957
470,2866,0.7734417915344238
470,1193,0.7725927829742432
470,3045,0.7708821296691895
471,808,0.7275269031524658
471,2514,0.6346879005432129
471,926,0.6281068325042725
471,541,0.6247798204421997
472,1070,0.7481120228767395
472,770,0.7430821657180786
472,3236,0.7337542772293091
473,774,0.7655669450759888
473,546,0.7441384792327881
474,2910,0.6800370812416077
474,945,0.6799535155296326
475,1104,0.8272926211357117
475,2031,0.8232384920120239
475,3295,0.8210117220878601
475,1007,0.820908784866333
475,1586,0.8192533254623413
475,764,0.8165953159332275
475,2328,0.807738184928894
475,1677,0.80713951587677
475,1111,0.8001117706298828
475,3204,0.7993420362472534
476,1087,0.7991014719009399
476,621,0.7885451912879944
476,2399,0.7832485437393188
476,1221,0.7752805948257446
476,1536,0.7730312347412109
476,1009,0.7694351077079773
476,2724,0.7618018388748169
477,1013,0.7100280523300171
478,3054,0.7813127040863037
478,2554,0.7768418192863464
478,2866,0.7726810574531555
478,910,0.7721050977706909
478,3337,0.7717475295066833
478,2066,0.7671158909797668
478,2179,0.7649532556533813
478,1076,0.7605582475662231
478,1557,0.7603235244750977
478,1955,0.7580963373184204
478,1552,0.7569971084594727
479,3240,0.8561066389083862
479,525,0.6563273072242737
480,3238,0.7158028483390808
480,2183,0.6975873708724976
481,2697,0.7490850687026978
481,1846,0.7257014513015747
482,3295,0.8609851598739624
482,2328,0.8546342849731445
482,2031,0.8283185958862305
482,851,0.7999862432479858
482,940,0.7850936651229858
482,2275,0.7682628035545349
484,1183,0.7281991243362427
484,2433,0.715691328048706
484,2376,0.6781487464904785
484,866,0.6687554717063904
484,2110,0.6616791486740112
484,1670,0.6449322700500488
485,2584,0.721832275390625
485,2755,0.674988865852356
486,2960,0.9999999403953552
486,1363,0.7084389925003052
487,1825,0.8234843015670776
487,681,0.7939252853393555
487,708,0.747883141040802
487,2200,0.7375317215919495
487,1813,0.7364394664764404
487,2538,0.7364053130149841
487,694,0.7348889112472534
487,695,0.7147014737129211
487,720,0.7101587653160095
487,690,0.7084704637527466
488,2322,0.834804892539978
488,1249,0.8313699960708618
488,515,0.8308079838752747
488,551,0.8241828680038452
488,2343,0.8149908185005188
488,2314,0.8148134350776672
488,2141,0.8111540079116821
488,1654,0.8046822547912598
488,1387,0.7959109544754028
488,762,0.7868880033493042
488,949,0.776330828666687
490,920,0.728884756565094
490,1828,0.7272113561630249
490,2938,0.7212164402008057
491,1386,0.7555601596832275
491,3356,0.74393630027771
491,1953,0.742512583732605
491,931,0.7270234227180481
491,2793,0.716076135635376
492,3144,0.9037606716156006
492,2350,0.7085483074188232
493,1550,0.7630502581596375
493,1408,0.745901346206665
493,1155,0.745901346206665
493,2111,0.7453935742378235
494,1475,0.7943536043167114
494,1485,0.7879763841629028
494,1500,0.7784494161605835
494,2162,0.7670887112617493
494,2153,0.7652396559715271
494,531,0.7636563777923584
494,828,0.7597942352294922
496,1631,0.7536917924880981
496,1889,0.7513195276260376
496,2130,0.7502422332763672
496,1501,0.7423276901245117
496,902,0.7380335927009583
497,1880,0.7914150953292847
497,2541,0.7213389873504639
498,3011,0.7259904146194458
499,648,0.774681568145752
499,1338,0.7733306884765625
499,1733,0.7648409605026245
499,2560,0.7626358270645142
499,1024,0.7597564458847046
499,1975,0.7588262557983398
501,2812,0.7284315824508667
501,3322,0.6787818670272827
501,1017,0.678583025932312
501,1904,0.649187445640564
502,1797,0.7677064538002014
502,1403,0.75469571352005
502,2536,0.7401837110519409
502,1911,0.7078534364700317
502,722,0.6987050771713257
503,2357,0.8349201679229736
503,2661,0.7673496603965759
503,2459,0.7417013645172119
503,2226,0.7155871391296387
504,695,0.7592780590057373
504,691,0.6825082898139954
504,693,0.6719791889190674
506,607,0.777168333530426
506,2135,0.7583775520324707
506,2964,0.7398829460144043
506,1858,0.7364939451217651
507,874,0.9316068887710571
508,714,0.9946886301040649
508,1810,0.7383315563201904
508,2613,0.6948866844177246
508,721,0.6935162544250488
509,1266,0.8265164494514465
509,2397,0.8244876861572266
509,2557,0.8198474645614624
509,2283,0.8096156120300293
509,3102,0.8045516014099121
509,982,0.7975859642028809
509,2859,0.7943640947341919
509,1652,0.7938894033432007
509,1639,0.7930757999420166
509,2490,0.7929892539978027
509,1127,0.7920180559158325
510,2335,0.7742456197738647
510,1302,0.7560276389122009
510,1277,0.7418152093887329
510,2903,0.7393802404403687
510,2976,0.7358921766281128
511,921,0.6887341737747192
511,646,0.6776500940322876
511,1910,0.6397198438644409
512,716,0.79656583070755
512,689,0.7836923599243164
512,2200,0.7823227643966675
512,682,0.7802810668945312
512,697,0.7616281509399414
512,685,0.758437991142273
512,680,0.7583425641059875
512,706,0.7574799060821533
512,2536,0.7451701164245605
512,699,0.7408331632614136
512,1810,0.731000542640686
512,719,0.7272398471832275
512,2613,0.722023606300354
513,715,0.7713577151298523
513,686,0.7201536893844604
513,702,0.6956341862678528
513,3105,0.6508607864379883
514,681,0.8027300834655762
514,697,0.8018437027931213
514,1797,0.7814298868179321
514,725,0.7776050567626953
514,1340,0.771773099899292
514,2536,0.7705610990524292
514,1807,0.761165976524353
514,687,0.7589647769927979
514,2200,0.7500329613685608
514,702,0.7422110438346863
514,689,0.7382849454879761
514,696,0.7218760848045349
515,1249,0.8875508308410645
515,2314,0.8613088726997375
515,2343,0.834033727645874
515,2322,0.8335409164428711
515,2196,0.823697566986084
515,2141,0.8234972953796387
515,1654,0.8209626078605652
515,1387,0.8191007375717163
515,1139,0.8154430389404297
515,1656,0.8122384548187256
515,762,0.8113142848014832
515,1303,0.8074607849121094
515,1944,0.806731104850769
516,680,0.8142451047897339
516,697,0.7679305076599121
517,2270,0.76484215259552
517,2430,0.7434544563293457
517,1280,0.7134271860122681
519,2387,0.6818056106567383
520,951,0.7584443092346191
521,1366,0.7507834434509277
521,2187,0.7445309162139893
521,1118,0.7221730947494507
522,2262,0.7743004560470581
522,3252,0.7368568181991577
522,3188,0.7165623903274536
522,1678,0.7127992510795593
524,1036,0.6213515996932983
525,3224,0.6794532537460327
525,835,0.6775332689285278
526,3026,0.7448512315750122
527,2699,0.6749252676963806
528,3205,0.7389163970947266
530,1731,0.7498104572296143
530,676,0.6983712315559387
531,2943,0.7713578939437866
531,1485,0.7696967124938965
531,2831,0.7586890459060669
531,1631,0.7390264272689819
532,1178,0.7154591083526611
532,2447,0.6939632296562195
532,1544,0.6700139045715332
532,2926,0.6524209976196289
532,2110,0.6504799723625183
534,3345,0.7199698686599731
534,2593,0.7134287357330322
534,2282,0.7133626937866211
534,2988,0.6828999519348145
534,1584,0.6745114326477051
535,871,0.7158493995666504
535,2726,0.6788157224655151
536,1242,0.7380471229553223
536,923,0.6836084723472595
536,1990,0.66197669506073
536,2489,0.6444549560546875
537,1952,0.5942632555961609
538,1756,0.7177735567092896
539,2555,0.7166974544525146
539,871,0.7121450304985046
539,1845,0.6934149265289307
540,2519,0.7647949457168579
540,2194,0.7574886679649353
540,1174,0.7519192099571228
540,2723,0.7395995259284973
542,1832,0.7053443193435669
542,2118,0.6933699250221252
543,1633,0.8037112951278687
543,640,0.8003751039505005
543,3292,0.7673795223236084
543,2892,0.7611599564552307
543,1599,0.7597960233688354
543,1882,0.7592357397079468
543,2979,0.7578701972961426
543,1874,0.7563399076461792
543,833,0.7504374980926514
543,1354,0.7493385076522827
543,1659,0.7479125261306763
545,572,0.690122127532959
545,3069,0.5647604465484619
546,774,0.7941341400146484
546,2485,0.7912652492523193
546,1081,0.7855186462402344
546,1650,0.7320890426635742
547,1644,0.759854793548584
547,1478,0.7286176681518555
547,2755,0.6892145872116089
547,2788,0.6814414858818054
548,1148,0.6679016351699829
549,594,0.7301055192947388
549,2005,0.7200682163238525
549,1434,0.7146940231323242
549,2158,0.711685299873352
550,1728,0.7781972885131836
550,3106,0.7753540873527527
550,1652,0.7716025114059448
550,2859,0.7489107847213745
551,1618,0.8748418092727661
551,2322,0.8668135404586792
551,986,0.856002688407898
551,1266,0.8308786749839783
551,2308,0.8204057812690735
551,2283,0.8182242512702942
551,2314,0.8116387724876404
551,2141,0.7954061627388
552,2584,0.6702012419700623
553,2270,0.6872316002845764
555,2305,0.6592365503311157
555,2825,0.5867151021957397
555,672,0.5823013782501221
556,676,0.6984989047050476
557,2878,0.7751646041870117
557,2840,0.7418767213821411
558,837,0.8055226802825928
558,602,0.7879958152770996
558,1271,0.7646804451942444
559,724,0.7587911486625671
559,1688,0.7324974536895752
559,1311,0.7280498743057251
559,605,0.6995568871498108
560,938,0.7863950133323669
560,1265,0.7707481384277344
560,976,0.7688963413238525
560,1355,0.767174482345581
560,2291,0.7600550651550293
560,3013,0.7355417609214783
560,909,0.7325459122657776
562,2282,0.6924946308135986
562,2268,0.6701594591140747
562,1025,0.6563963890075684
563,2700,0.6486992835998535
563,1957,0.6480525732040405
564,3032,0.6904658079147339
564,3276,0.6200183629989624
564,2896,0.6189130544662476
565,2421,0.8129052519798279
565,1902,0.801548957824707
565,1059,0.7827706336975098
566,2236,0.755489706993103
566,995,0.7159732580184937
566,1317,0.6906036734580994
566,1343,0.672876238822937
567,642,0.7045114040374756
568,1389,0.7154296636581421
568,2592,0.7066558599472046
568,2327,0.7041312456130981
570,658,0.7905524373054504
570,1453,0.7815790772438049
570,732,0.7692445516586304
570,1838,0.7614862322807312
571,732,0.8079768419265747
571,2686,0.7908303737640381
571,2175,0.7849528789520264
571,2598,0.7800694704055786
571,1213,0.7795154452323914
571,2548,0.7742729783058167
571,1128,0.7572311162948608
573,1808,0.6316806077957153
574,1948,0.7837473750114441
574,1487,0.7699587345123291
574,2358,0.7687456607818604
574,980,0.7655848264694214
574,3112,0.7647206783294678
574,2460,0.7614985704421997
574,2251,0.7589373588562012
574,1080,0.7558265924453735
574,634,0.7498623728752136
575,754,0.6642118692398071
576,1796,0.7637006044387817
576,2982,0.7452187538146973
577,2715,0.6988611221313477
578,3202,0.6618889570236206
579,2412,0.8736963272094727
579,1605,0.8351863622665405
579,2527,0.8330956697463989
579,1943,0.8322797417640686
579,2393,0.8307233452796936
579,1550,0.8238186836242676
579,1190,0.8218965530395508
579,1161,0.819400429725647
579,1671,0.816299557685852
579,1467,0.8156622052192688
579,1313,0.8125216960906982
579,3299,0.8116945028305054
581,2693,0.8106251955032349
581,1561,0.7843788862228394
581,1166,0.7675126791000366
581,1908,0.7668476700782776
581,1155,0.7644333839416504
582,1338,0.822598934173584
582,1821,0.8093826770782471
582,2790,0.806329607963562
582,2427,0.7904831767082214
582,2519,0.79044109582901
582,1440,0.7889328002929688
582,658,0.7839994430541992
582,2569,0.7785123586654663
583,2892,0.7774378061294556
583,1643,0.7447450160980225
585,1750,0.7631945013999939
585,3112,0.7594738006591797
585,3127,0.7555748820304871
585,2850,0.7555748820304871
585,3102,0.7529551982879639
585,2735,0.7518845200538635
585,2882,0.747350811958313
587,2792,0.6843235492706299
589,2241,0.6851845979690552
590,855,0.7367556095123291
590,2112,0.7058488130569458
591,842,0.6757866144180298
592,1634,0.8310338854789734
592,1812,0.8247677087783813
592,1560,0.8086599111557007
592,3299,0.7990731000900269
592,1784,0.7943495512008667
592,2786,0.7916662693023682
592,1980,0.790283739566803
592,1817,0.7873684167861938
592,2323,0.7830039858818054
592,1442,0.7829067707061768
592,2693,0.7815189361572266
593,980,0.7538968324661255
593,2228,0.7417635917663574
593,3092,0.7270735502243042
593,1930,0.7249250411987305
594,2655,0.7323189973831177
597,1386,0.7441943883895874
598,912,0.8071752786636353
598,1483,0.7441678047180176
598,1197,0.733717679977417
598,2088,0.7330331206321716
600,656,0.9999998807907104
600,2515,0.670428991317749
602,2422,0.7889347076416016
602,1972,0.7606765031814575
602,1090,0.7603448033332825
602,3017,0.7603448033332825
603,2185,0.8320144414901733
603,1812,0.8215502500534058
603,1784,0.8074620962142944
603,1127,0.7999652624130249
603,2508,0.7966108322143555
603,1560,0.7935283780097961
603,2197,0.7924696207046509
603,667,0.7902959585189819
607,2863,0.7376458644866943
607,3141,0.71900475025177
608,1713,0.674782395362854
609,1060,0.7526476383209229
609,1084,0.7502286434173584
609,654,0.7475336790084839
609,661,0.7427476048469543
609,1864,0.7237232327461243
610,2305,0.673147439956665
610,2057,0.6613602638244629
610,2110,0.6572635173797607
610,1670,0.654613733291626
610,1486,0.6250224113464355
611,3271,0.7544713020324707
611,1816,0.6946232318878174
611,2681,0.6912801265716553
611,3056,0.6845440864562988
611,2720,0.6730464696884155
613,2303,0.8034771680831909
613,2535,0.7986665964126587
613,1167,0.7961894273757935
613,2431,0.7803822755813599
613,1344,0.7755066752433777
613,1283,0.7742099761962891
615,1729,0.7545626163482666
616,3013,0.7012600302696228
618,2743,0.721233606338501
618,2949,0.7104907035827637
618,1539,0.6970493793487549
618,2310,0.6933045387268066
621,1221,0.7609997987747192
621,1536,0.7482083439826965
621,1087,0.7363908290863037
622,2341,0.7459995746612549
622,983,0.7359268665313721
623,2808,0.6259052753448486
623,2404,0.5717313289642334
623,2760,0.5676165819168091
624,3249,0.8037090301513672
624,647,0.7899619340896606
624,1715,0.7856483459472656
624,2840,0.7830806374549866
624,1633,0.7740816473960876
624,910,0.7713614702224731
624,3292,0.7696523666381836
624,2721,0.7692867517471313
624,2048,0.7682659029960632
624,1744,0.7653146982192993
624,3251,0.7650513052940369
625,2756,0.7211211919784546
625,2818,0.6976687908172607
625,1240,0.6917665004730225
627,2160,0.745639443397522
627,2751,0.7312435507774353
630,3002,0.7817410230636597
630,1889,0.7767173647880554
630,2943,0.7517685890197754
630,931,0.7513370513916016
631,1715,0.7917418479919434
631,2972,0.7703163623809814
631,2721,0.7579577565193176
631,2947,0.7381578683853149
631,3013,0.7366466522216797
631,2997,0.7364212274551392
631,2717,0.733538031578064
631,2030,0.7262707352638245
632,2065,0.7268167734146118
633,836,0.6955117583274841
633,2606,0.6705156564712524
634,2922,0.7814016938209534
634,673,0.7726129293441772
634,1168,0.7676487565040588
634,980,0.7577478289604187
634,936,0.7538875341415405
634,1877,0.7506897449493408
635,2815,0.7281036376953125
635,2336,0.6768996715545654
637,1518,0.6775833368301392
637,2176,0.6435024738311768
637,3286,0.6407848596572876
639,906,0.7807891368865967
639,1087,0.7297048568725586
640,2231,0.7895494103431702
640,833,0.7540496587753296
640,1659,0.7418469190597534
640,2819,0.7400931715965271
640,2252,0.7295037508010864
640,2833,0.7265108823776245
640,1977,0.7261611819267273
640,2668,0.7254722118377686
641,1073,0.7728297710418701
641,1793,0.7612990140914917
641,3039,0.7587422132492065
641,1487,0.7480752468109131
642,2539,0.7174122929573059
642,1588,0.7056826949119568
643,3117,0.9999998807907104
644,3169,0.812148928642273
644,2049,0.7391917705535889
644,2385,0.7237348556518555
644,3001,0.7237348556518555
644,2240,0.7103283405303955
645,924,0.7674267888069153
645,3138,0.7409354448318481
645,2086,0.7366222739219666
645,1611,0.7181392908096313
645,3165,0.7177185416221619
645,2044,0.7077234983444214
645,891,0.7071358561515808
646,2008,0.7449065446853638
647,1590,0.7904529571533203
647,817,0.7707457542419434
647,1506,0.7549213171005249
647,841,0.7542084455490112
647,3251,0.7526662945747375
647,916,0.7458608150482178
648,1709,0.7903923988342285
648,2185,0.7825870513916016
648,780,0.776761531829834
648,1442,0.7717260718345642
648,2713,0.7622751593589783
649,3177,0.7766579985618591
649,1275,0.7766545414924622
649,1372,0.773185133934021
649,1590,0.7705731391906738
649,1674,0.7607048749923706
649,3218,0.7560654878616333
649,1515,0.7560654878616333
649,724,0.7511653900146484
650,1709,0.79584801197052
650,1338,0.7932149767875671
650,1879,0.7795238494873047
650,2964,0.7561035752296448
651,1702,0.9212908744812012
652,824,0.7145093679428101
652,1317,0.6711701154708862
653,3199,0.9999998807907104
654,3257,0.7512743473052979
654,1547,0.739692211151123
654,2191,0.7360179424285889
654,2858,0.7334578633308411
654,1457,0.7294296622276306
654,1720,0.72505122423172
654,2019,0.72505122423172
654,1678,0.7234398126602173
656,2515,0.670428991317749
657,1872,0.6450399160385132
658,881,0.7865967750549316
658,2508,0.7768927812576294
658,1338,0.7728123664855957
659,3116,0.6846636533737183
659,1567,0.6846636533737183
660,2003,0.636111319065094
661,2579,0.7646036744117737
661,1864,0.7551579475402832
662,2501,0.6204947829246521
662,2132,0.5777242183685303
663,812,0.713689386844635
663,1212,0.7045934200286865
663,2929,0.7039697170257568
663,1740,0.6788424849510193
663,928,0.676576554775238
665,1265,0.7743085622787476
665,1084,0.7554545402526855
665,1360,0.6839499473571777
666,760,0.7209639549255371
666,2938,0.7065959572792053
667,1313,0.829558253288269
667,1131,0.7958956360816956
667,2670,0.7932148575782776
667,1495,0.7912499904632568
667,1716,0.7908509969711304
668,3107,0.6891066431999207
670,2325,0.7857696413993835
670,1561,0.7821688055992126
670,1590,0.778473973274231
670,2101,0.7774953246116638
670,755,0.7712810039520264
670,1768,0.7705495357513428
670,1750,0.7636188268661499
670,2579,0.7625636458396912
670,3251,0.7622222304344177
670,910,0.7610857486724854
671,1001,0.7509995698928833
671,1578,0.7489774823188782
671,3119,0.7489774823188782
671,2279,0.7487086057662964
671,3075,0.7464390993118286
673,1858,0.778728723526001
673,2732,0.776374101638794
675,1953,0.7607358694076538
675,3071,0.7561561465263367
675,2686,0.7536485195159912
675,2669,0.7456787824630737
677,1681,0.6087485551834106
678,1106,0.7224571704864502
678,2682,0.6653758883476257
678,925,0.6550875902175903
678,959,0.639970064163208
679,688,0.7238383889198303
680,706,0.827131986618042
680,697,0.8156241774559021
680,716,0.7899158000946045
680,685,0.7892171144485474
680,682,0.7669689655303955
680,688,0.7625627517700195
680,719,0.7623984217643738
680,694,0.762317419052124
680,720,0.7586886882781982
680,699,0.75758957862854
680,2536,0.7573956251144409
680,698,0.7472857236862183
680,2200,0.7423043251037598
681,1797,0.833336353302002
681,1769,0.7728728652000427
681,697,0.7697039246559143
681,689,0.7690606117248535
681,1825,0.7627978324890137
681,700,0.7578942775726318
681,2538,0.7574141025543213
681,725,0.756486177444458
681,696,0.7563060522079468
681,708,0.7541278600692749
681,2536,0.750832200050354
681,694,0.741190493106842
682,706,0.7755205035209656
682,699,0.7737696170806885
682,685,0.764380693435669
682,697,0.7634397149085999
682,716,0.7577334642410278
682,689,0.7517463564872742
682,688,0.7479526996612549
682,708,0.7475879192352295
682,719,0.7470653057098389
682,2200,0.7417031526565552
682,698,0.7284659743309021
682,2613,0.7121559977531433
683,1810,0.8926494121551514
683,2538,0.7308954000473022
683,685,0.7290624380111694
683,2543,0.7234382629394531
683,721,0.7153759002685547
683,702,0.7152968645095825
683,725,0.7073155641555786
683,1813,0.7034168243408203
683,2613,0.701386570930481
684,707,0.7306607961654663
684,705,0.6792935132980347
684,1924,0.6556635499000549
685,706,0.7926947474479675
685,697,0.7924553155899048
685,2543,0.7782106399536133
685,716,0.7614366412162781
685,689,0.7583127021789551
685,1810,0.7557713389396667
685,719,0.7414956092834473
685,2536,0.7394824028015137
685,698,0.7308308482170105
686,702,0.8066020011901855
686,725,0.776384711265564
686,715,0.7605994343757629
686,903,0.7039432525634766
687,2536,0.7824475765228271
687,1797,0.7799835205078125
687,710,0.7567660808563232
687,709,0.7224721908569336
687,1769,0.7180861234664917
687,700,0.697067379951477
687,2455,0.6929322481155396
687,696,0.6912575960159302
688,716,0.7785519361495972
688,708,0.7711364030838013
688,720,0.7661114931106567
688,2200,0.7542502880096436
688,2536,0.7470839023590088
688,1825,0.7414938807487488
688,707,0.7343004941940308
688,698,0.7317869067192078
689,2200,0.8218072652816772
689,706,0.80434250831604
689,715,0.7717090845108032
689,708,0.7675294876098633
689,699,0.7542442083358765
689,1825,0.7538458704948425
689,707,0.7538350224494934
689,701,0.7381991744041443
689,725,0.7244365215301514
690,696,0.7416261434555054
690,698,0.7392919063568115
690,719,0.6955296993255615
691,693,0.9067513942718506
691,1813,0.7317519783973694
693,701,0.7374721169471741
693,1813,0.6997107267379761
693,2543,0.6824040412902832
693,721,0.6617459058761597
694,704,0.8025487661361694
694,716,0.7951686978340149
694,1825,0.7945368885993958
694,708,0.7868226766586304
694,1797,0.7665125131607056
694,706,0.7530277967453003
694,2536,0.7516748309135437
694,1813,0.7512973546981812
694,698,0.7375123500823975
694,707,0.7360837459564209
694,720,0.7352520227432251
695,701,0.7749888896942139
695,2538,0.7665482759475708
695,1813,0.7655033469200134
695,708,0.7440248727798462
695,700,0.7431190013885498
695,1825,0.7328639626502991
695,2543,0.7027463316917419
696,2536,0.7530946731567383
696,705,0.7347153425216675
696,2207,0.6965383291244507
697,1797,0.8135380744934082
697,719,0.8118578195571899
697,2536,0.8035938739776611
697,708,0.7870337963104248
697,706,0.7823209762573242
697,699,0.7781933546066284
697,2538,0.7610887289047241
697,2200,0.760749101638794
698,1825,0.7846850156784058
698,707,0.7494469881057739
698,716,0.7440972328186035
698,704,0.734216034412384
698,726,0.7329621315002441
698,710,0.7242468595504761
699,706,0.7655715942382812
699,2200,0.7493739128112793
699,1810,0.7363611459732056
699,719,0.7305968999862671
699,715,0.721662163734436
700,1769,0.7646929025650024
700,1797,0.7613203525543213
700,710,0.7421824932098389
700,701,0.7306604385375977
700,709,0.7204100489616394
700,2543,0.7109848260879517
701,707,0.806983232498169
701,1797,0.7622060775756836
701,2536,0.7536830902099609
701,2538,0.7424684166908264
701,1813,0.732770562171936
701,725,0.7302016615867615
701,719,0.7261165380477905
702,725,0.9876132011413574
702,715,0.7304097414016724
702,1769,0.7113474607467651
704,1797,0.7803503274917603
705,1797,0.7801154851913452
706,716,0.7895653247833252
706,708,0.7868815660476685
706,2613,0.7795919179916382
706,2543,0.765588641166687
706,1810,0.7556949853897095
706,1813,0.7471086978912354
707,1797,0.7619147896766663
707,2538,0.7618358731269836
707,716,0.7415980100631714
707,1813,0.7260066866874695
707,726,0.7106308937072754
708,1825,0.8039558529853821
708,716,0.7924239635467529
708,2536,0.7611613273620605
708,2538,0.742752194404602
708,2200,0.7357684373855591
709,710,0.9087705016136169
709,1769,0.7161440253257751
710,1769,0.7481264472007751
710,3055,0.7158348560333252
711,2612,0.5397112369537354
714,1810,0.7340995073318481
714,2613,0.6957962512969971
714,721,0.6949554085731506
715,2200,0.7466230988502502
715,725,0.733771562576294
715,2613,0.7041772603988647
716,2536,0.8377716541290283
716,1797,0.8029119968414307
716,1825,0.7652900218963623
716,720,0.736784815788269
717,722,0.7287136316299438
717,2176,0.6577152609825134
719,2200,0.7527662515640259
719,1810,0.7124680280685425
720,2613,0.7262384295463562
721,1810,0.7439262866973877
721,2543,0.6867432594299316
724,2013,0.7510389089584351
724,1450,0.7457993030548096
724,806,0.743965208530426
724,2854,0.7388595938682556
725,1769,0.7388580441474915
725,2538,0.7292860746383667
725,1807,0.7195214033126831
726,2538,0.7349342703819275
727,2799,0.7127268314361572
728,1939,0.6399339437484741
728,1854,0.6267653107643127
729,1755,0.7157261371612549
731,755,0.7271095514297485
732,2175,0.8082355260848999
732,1213,0.7907673120498657
732,881,0.7863316535949707
732,757,0.7757526636123657
732,1759,0.775528609752655
732,2995,0.7694692015647888
732,1173,0.7620851993560791
733,2826,0.729454517364502
734,1945,0.6575270891189575
735,735,1.0
738,1202,0.794196605682373
738,3221,0.7850885987281799
738,772,0.784819483757019
739,1609,0.6767687797546387
739,3137,0.6767687797546387
741,3031,0.727960467338562
742,756,0.764818549156189
743,3246,0.6792733073234558
744,1430,0.6929019689559937
745,2280,0.8119440078735352
745,2175,0.8113582134246826
745,1213,0.792330801486969
745,3235,0.7914396524429321
745,1192,0.7853938341140747
745,906,0.7852044701576233
745,2277,0.7785093784332275
745,2380,0.7775967121124268
745,1624,0.7755194902420044
745,2701,0.7746646404266357
745,1071,0.7727645635604858
745,2359,0.7703768014907837
746,2407,0.6979615688323975
747,1125,0.8333096504211426
747,3280,0.8070681691169739
747,2731,0.7180525660514832
747,854,0.7058073878288269
747,3197,0.6931763887405396
748,1718,0.7327820062637329
750,2816,0.7862417697906494
750,1285,0.7656666040420532
750,1242,0.7604833841323853
750,2233,0.7399563193321228
750,2650,0.7395563721656799
750,1425,0.7269095182418823
751,2160,0.7583908438682556
752,2336,0.6810615062713623
753,1491,0.6053334474563599
754,855,0.6538227200508118
755,2539,0.7364715337753296
756,979,0.76398766040802
756,1731,0.7629402875900269
757,1980,0.8009865283966064
757,1573,0.7985796928405762
757,2535,0.7934830188751221
757,1671,0.7877315282821655
757,1890,0.7789143323898315
757,1879,0.7753356099128723
757,1314,0.7746373414993286
757,1338,0.7744200229644775
758,1372,0.7618166208267212
758,1550,0.756060004234314
759,1946,0.7568955421447754
760,1327,0.6763135194778442
761,1542,0.7265409231185913
761,2891,0.6645009517669678
762,1104,0.8628690242767334
762,764,0.8399292230606079
762,2398,0.835832417011261
762,2355,0.8345221281051636
762,982,0.7987329959869385
762,3295,0.7966288328170776
762,2283,0.7917019128799438
763,2589,0.7752041816711426
763,882,0.7482216358184814
764,1104,0.8827910423278809
764,1111,0.8571038246154785
764,987,0.8565793037414551
764,1007,0.8479191660881042
764,2397,0.8431668281555176
764,1677,0.8360303640365601
764,1586,0.8328201770782471
764,3014,0.8224530220031738
764,1782,0.8220342397689819
764,1415,0.8159139752388
765,1779,0.7414778470993042
765,1049,0.7372778058052063
766,2041,0.7474058866500854
766,1891,0.743290901184082
767,2593,0.7232905626296997
767,1893,0.7101823687553406
767,2669,0.7083775997161865
767,2050,0.7078436017036438
768,2193,0.6721895933151245
768,3135,0.580588698387146
770,1193,0.7540146708488464
770,1250,0.7456790208816528
770,1275,0.7319751977920532
770,1208,0.7127425670623779
771,2692,0.7614344954490662
771,1596,0.7492310404777527
771,2438,0.7430189847946167
771,1151,0.7421979308128357
771,2351,0.7309113144874573
771,1370,0.7237707376480103
772,3325,0.7796812653541565
772,1516,0.7775588035583496
772,2039,0.7762660980224609
772,954,0.7652661800384521
772,881,0.7647193670272827
774,2485,0.7693103551864624
774,2140,0.7577049732208252
774,1650,0.7486917972564697
774,920,0.7310506701469421
774,1081,0.7248719930648804
775,3287,0.6635891795158386
776,2934,0.7751941680908203
776,2297,0.7751941680908203
776,2434,0.7625751495361328
776,2570,0.7600330114364624
776,1774,0.7455013990402222
776,1721,0.7359797954559326
776,2056,0.7343670129776001
776,2750,0.7149697542190552
776,3015,0.711689829826355
776,2646,0.7079222202301025
777,1173,0.7725985646247864
777,1723,0.7362006902694702
777,2087,0.7349482774734497
777,2416,0.7168166041374207
777,1144,0.6962820291519165
778,1503,0.6791747808456421
778,1509,0.6385722160339355
779,1744,0.7420320510864258
779,3093,0.6717662811279297
779,1226,0.6717662811279297
780,1890,0.801913857460022
780,3235,0.7942594289779663
780,2443,0.7822673320770264
780,1935,0.7669442892074585
780,1787,0.7636017799377441
780,942,0.7634292244911194
780,1770,0.7630796432495117
780,2704,0.7595196962356567
781,2972,0.7376843690872192
781,1849,0.7047731876373291
782,2822,0.7558609247207642
783,2551,0.806177020072937
783,2379,0.7674787044525146
783,2121,0.765622615814209
785,2675,0.7885199189186096
785,2358,0.7682875990867615
785,3245,0.7531076669692993
785,2064,0.75075364112854
785,2878,0.7403469085693359
785,1175,0.7399286031723022
785,1092,0.7295920252799988
786,2100,0.6893160939216614
787,3094,0.7611591815948486
787,1833,0.7453737258911133
787,1079,0.7413211464881897
788,2319,0.7751304507255554
788,1099,0.7498624920845032
789,2098,0.5902699828147888
789,842,0.5872134566307068
791,2555,0.6574376821517944
791,1239,0.6457202434539795
791,858,0.6270791888237
792,2518,0.8736687302589417
792,819,0.8478617668151855
792,1724,0.8101791143417358
792,2521,0.7804591655731201
792,2523,0.7729600667953491
792,822,0.7630065083503723
792,1722,0.734351634979248
792,1135,0.7054756879806519
794,1525,0.7339298725128174
794,2540,0.7112164497375488
794,1982,0.7074614763259888
794,2143,0.6493043899536133
796,2177,0.6551514863967896
798,2824,0.7454408407211304
799,889,0.7199329137802124
799,2618,0.7115775942802429
799,2050,0.708370566368103
803,1950,0.6806389093399048
804,1718,0.7619360685348511
804,2269,0.7292543649673462
804,1746,0.7194933295249939
806,1842,0.8014487028121948
806,2663,0.7423479557037354
806,2102,0.7167359590530396
806,870,0.7049790024757385
807,2544,0.8176170587539673
807,2412,0.8142105340957642
807,1251,0.7847638130187988
807,2569,0.7808045148849487
807,1827,0.7680909037590027
807,1527,0.7555159330368042
808,2646,0.7087862491607666
808,1052,0.6918669939041138
808,2360,0.6765222549438477
810,890,0.688355565071106
812,2291,0.7437628507614136
812,1660,0.6945487260818481
813,3014,0.8088467121124268
813,1622,0.7860292196273804
813,2076,0.7764866948127747
813,1330,0.7691168785095215
813,1827,0.7652834057807922
813,1432,0.7640225887298584
815,3197,0.6854528188705444
816,3183,0.6700981855392456
816,2897,0.6691036224365234
817,2216,0.7668254375457764
817,2271,0.7513885498046875
817,2064,0.7429901957511902
817,1490,0.7397863268852234
817,1547,0.734727144241333
818,1657,0.7365145683288574
818,3145,0.7365145683288574
818,3113,0.7240844964981079
818,2792,0.703386127948761
819,2518,0.8231296539306641
819,1724,0.794060468673706
819,2521,0.7282314300537109
819,822,0.6738042235374451
820,1931,0.7259312272071838
821,1140,0.7205412983894348
821,1340,0.7129300832748413
821,1069,0.7098848819732666
821,1807,0.6956791281700134
822,2518,0.7390931844711304
824,3075,0.7409622669219971
824,1669,0.7269300222396851
825,2521,0.7723124623298645
825,1750,0.757102370262146
825,1441,0.7570801973342896
825,1737,0.7482532262802124
825,3025,0.7080087661743164
826,1809,0.748221218585968
826,1584,0.7362527251243591
826,2991,0.6966051459312439
826,2926,0.6872045993804932
828,2431,0.8061202764511108
828,1760,0.78935706615448
828,2380,0.7761853933334351
828,2004,0.75356125831604
829,2573,0.6443114876747131
830,2094,0.6616115570068359
831,3029,0.7027127742767334
831,2183,0.6992363929748535
832,2555,0.7142963409423828
833,2231,0.8209040760993958
833,2048,0.7844793200492859
833,1648,0.7802125215530396
833,2945,0.773348331451416
833,1537,0.7733099460601807
833,3292,0.7590034008026123
833,2216,0.7473689317703247
835,2052,0.6862784624099731
836,1845,0.6875350475311279
837,1306,0.7738304734230042
837,1516,0.7644836902618408
838,1503,0.6631730794906616
838,2677,0.6470500230789185
839,2685,0.6902562379837036
839,3322,0.6825405359268188
839,2472,0.639354944229126
839,3026,0.625511646270752
840,1740,0.6808268427848816
841,2231,0.8465458154678345
841,3168,0.8293806314468384
841,910,0.7985656261444092
841,2945,0.7882339358329773
841,1675,0.7839032411575317
841,1961,0.7757083177566528
841,3351,0.773701548576355
841,1552,0.7653071284294128
841,3080,0.7618213891983032
841,3023,0.7615010738372803
841,2854,0.7586963772773743
841,3236,0.7559155225753784
842,1148,0.6388437151908875
842,2823,0.5955756902694702
843,2047,0.7569758892059326
843,1843,0.7499786615371704
843,2468,0.6988833546638489
843,847,0.6940784454345703
843,1640,0.6927027702331543
843,1642,0.6926541328430176
845,3107,0.6960625648498535
845,1106,0.6868990659713745
846,2153,0.7987174987792969
846,1329,0.78384929895401
846,1168,0.7561992406845093
846,2071,0.7480670213699341
847,1389,0.7137961387634277
847,2936,0.6988447904586792
848,2884,0.6752418279647827
849,2513,0.7665051221847534
849,2279,0.7500850558280945
849,1558,0.7210171818733215
849,2122,0.7183997631072998
850,932,0.6572537422180176
851,2031,0.830424964427948
851,2328,0.7651104927062988
851,940,0.7504867315292358
853,857,0.7771096229553223
853,2724,0.76435387134552
853,1121,0.7421525716781616
853,2953,0.7408913373947144
853,1144,0.7244133949279785
854,1315,0.74406898021698
854,2731,0.7273626327514648
855,1031,0.6776098012924194
855,2895,0.6240577697753906
856,1733,0.7750258445739746
856,3002,0.7689261436462402
856,1097,0.7598637342453003
856,2829,0.7551170587539673
856,1402,0.7544918060302734
856,1180,0.7331656217575073
857,1121,0.8076327443122864
857,1292,0.7724881768226624
857,2816,0.7689034938812256
857,1151,0.7529888153076172
859,2814,0.7493696212768555
859,1356,0.7429243922233582
859,2494,0.7292969226837158
860,1188,0.7178066968917847
860,2875,0.6726397275924683
861,1106,0.6762208938598633
862,1978,0.7121546864509583
862,2805,0.7058836817741394
862,3333,0.699210524559021
862,2488,0.6883374452590942
863,1686,0.7293668985366821
863,1913,0.6362665891647339
865,2823,0.5944311618804932
866,2110,0.678261399269104
866,1905,0.6615269184112549
866,1875,0.6434892416000366
867,1640,0.7254315614700317
867,3172,0.7100113034248352
867,1587,0.6998974680900574
867,3331,0.6998974680900574
867,1950,0.6957746744155884
869,2030,0.7230484485626221
869,2057,0.6720414757728577
870,1842,0.7558302879333496
870,2663,0.6754798889160156
871,2164,0.7463405132293701
873,1769,0.7129555940628052
873,2204,0.7094846963882446
874,1358,0.6902058124542236
875,2386,0.7717407941818237
875,1314,0.7714115977287292
875,1963,0.7595041990280151
875,2575,0.7503366470336914
875,1690,0.7482359409332275
875,2995,0.746541440486908
875,1871,0.7355196475982666
876,1138,0.7050044536590576
876,2158,0.6881341934204102
879,2136,0.6457698941230774
880,2593,0.7620556950569153
880,2050,0.7149481773376465
880,2644,0.7023097276687622
880,1530,0.6696093082427979
880,2264,0.6523696184158325
881,1634,0.8180352449417114
881,1759,0.7779668569564819
881,1690,0.7734692096710205
881,3071,0.769862949848175
881,2995,0.7648440599441528
882,1821,0.7434743642807007
882,3340,0.7115804553031921
883,3166,0.6398918032646179
883,1628,0.6398918032646179
883,1005,0.6396372318267822
884,1333,0.6361517906188965
884,1920,0.6027326583862305
884,2659,0.5750877857208252
885,1768,0.7942255735397339
885,3341,0.7454923391342163
885,1275,0.7383207678794861
885,1623,0.733298659324646
886,2026,0.7340236902236938
886,1870,0.7277916669845581
887,2416,0.7465612888336182
887,1157,0.7084953784942627
889,1178,0.7919145822525024
889,1394,0.721032977104187
889,2349,0.717751145362854
890,2333,0.6432633399963379
891,3178,0.7249947786331177
892,1138,0.7936226725578308
893,2578,0.8035070896148682
893,2737,0.7601360082626343
893,942,0.7396351099014282
896,1109,0.7268081903457642
897,3106,0.7606490254402161
897,2970,0.7023317217826843
898,1656,0.8061898946762085
898,1572,0.7510730028152466
898,2938,0.7223909497261047
899,2674,0.7717021703720093
899,2582,0.7554236650466919
900,2005,0.7094616889953613
902,1501,0.7415132522583008
902,1276,0.7298495769500732
902,1040,0.7289443016052246
902,1299,0.726024866104126
902,1876,0.717731237411499
903,3285,0.701738715171814
904,1020,0.752452552318573
905,3233,0.7250251770019531
905,1666,0.7250251770019531
906,2175,0.7815277576446533
906,1173,0.7776261568069458
906,2311,0.7697380781173706
906,1213,0.7619280219078064
909,1355,0.7857571244239807
909,1750,0.7600996494293213
909,3177,0.7455320954322815
910,3045,0.7878890037536621
910,3080,0.785990834236145
910,1861,0.7787197232246399
910,2179,0.7696024179458618
910,3168,0.7649492025375366
910,1675,0.7618838548660278
911,3054,0.7514940500259399
911,3035,0.732215166091919
911,3190,0.7307389974594116
911,2947,0.7292991280555725
911,2509,0.7266212701797485
911,3139,0.7169442176818848
912,1162,0.8431838750839233
912,2676,0.8399722576141357
912,3173,0.8216947317123413
912,2693,0.8068639039993286
912,1943,0.8027029037475586
912,993,0.8024088144302368
912,2393,0.8023629188537598
912,1296,0.8006505966186523
912,2088,0.7934625148773193
912,2781,0.7903231382369995
912,1619,0.7864469885826111
913,1667,0.6301328539848328
914,1920,0.6339669227600098
915,3252,0.7153285145759583
916,2231,0.8007510900497437
916,3045,0.7718058824539185
916,2945,0.7709012627601624
916,3168,0.7561876177787781
916,2997,0.7546819448471069
916,1599,0.7527379989624023
916,2819,0.7439414262771606
918,2335,0.7707045078277588
918,1908,0.7448170185089111
918,1142,0.7407544255256653
920,2184,0.7417455911636353
920,2938,0.7304728031158447
920,1115,0.699124276638031
921,1947,0.6864975690841675
921,3069,0.6325193643569946
922,1005,0.6374339461326599
923,3138,0.7337690591812134
923,1116,0.6936211585998535
924,3138,0.8026285171508789
924,1070,0.7664440870285034
924,1272,0.759076714515686
924,2086,0.7506645321846008
924,2044,0.7330541610717773
924,2967,0.7254863977432251
926,2821,0.644612193107605
926,2256,0.6278014183044434
928,1735,0.7112138271331787
930,2430,0.7473304271697998
930,1097,0.735258936882019
930,1306,0.7340829372406006
930,931,0.7312742471694946
931,3356,0.7444770336151123
931,2607,0.7356593608856201
932,2144,0.7382469177246094
932,1342,0.7030831575393677
932,1194,0.6936669945716858
932,3326,0.6689168214797974
932,2403,0.6373229026794434
933,2734,0.6863542795181274
933,2114,0.684179425239563
933,2710,0.6502559781074524
935,1062,0.692145586013794
935,3046,0.6826359629631042
936,2021,0.7994879484176636
936,1784,0.7806196808815002
936,3310,0.7596990466117859
936,2582,0.7459598779678345
937,1943,0.8186862468719482
937,1139,0.8004847764968872
937,2344,0.8002640008926392
937,2197,0.792743444442749
937,1802,0.7919192314147949
937,1637,0.7803167700767517
937,1768,0.7801886796951294
937,2290,0.7779944539070129
937,1716,0.7747781872749329
937,1131,0.7747092247009277
938,1265,0.78229159116745
938,2691,0.7530128955841064
938,2694,0.6846596598625183
939,939,1.0
939,1791,0.7659769058227539
940,3295,0.8583992719650269
940,2031,0.8073205947875977
940,2328,0.75958651304245
940,2400,0.7534629106521606
941,3056,0.8948588371276855
941,3200,0.7427482604980469
941,1602,0.7427482604980469
941,1555,0.7318618297576904
941,1411,0.7263007164001465
942,1605,0.7886379361152649
942,2142,0.769596517086029
942,2462,0.7689335346221924
942,1004,0.7617977857589722
943,1156,0.7056053280830383
944,1220,0.7092814445495605
945,3342,0.7385387420654297
946,1301,0.7093995213508606
947,3286,0.9608798027038574
947,1721,0.72884202003479
948,1162,0.7491630911827087
948,1427,0.7402929067611694
949,1387,0.822360634803772
949,1139,0.800075113773346
949,2141,0.7983105182647705
949,2343,0.7729050517082214
949,1654,0.7715381383895874
949,1245,0.7630985975265503
949,1102,0.7553207874298096
951,1306,0.7620604634284973
952,3187,0.6504645347595215
953,1049,0.7726831436157227
953,1561,0.7607232928276062
953,2463,0.7600389122962952
953,1850,0.7579526901245117
954,1475,0.8133739233016968
954,2647,0.761449933052063
954,1729,0.7562961578369141
954,2851,0.7559375762939453
954,2575,0.7556465864181519
955,1372,0.7705320715904236
955,2195,0.7692054510116577
956,3309,0.9645750522613525
956,1874,0.7367207407951355
956,1839,0.7200013399124146
956,2044,0.7097283601760864
957,1074,0.7032808065414429
957,994,0.6506103873252869
958,3039,0.9624800682067871
958,1902,0.7796942591667175
958,1395,0.7395750284194946
959,3261,0.7121926546096802
959,2782,0.6868138313293457
962,3262,0.7430065870285034
962,1192,0.7294162511825562
963,3087,0.6606308221817017
964,2636,0.6516487002372742
965,987,0.8313505053520203
965,2294,0.8174339532852173
965,1007,0.8172441720962524
965,1812,0.8066064119338989
965,1111,0.8052024841308594
965,2338,0.8033164143562317
965,1105,0.802574098110199
965,1594,0.8023676872253418
965,2401,0.7981874942779541
965,1300,0.7981299161911011
965,1586,0.7978036403656006
966,2293,0.725094735622406
966,3258,0.6877791881561279
966,3282,0.686469554901123
968,2511,0.8044078350067139
968,2071,0.746069610118866
968,2559,0.7236371040344238
969,1308,0.7499380111694336
969,1324,0.6726260185241699
970,1600,0.7518908977508545
970,3051,0.7356278896331787
971,2033,0.7497904300689697
971,1093,0.7329033017158508
972,3019,0.750090479850769
972,1256,0.7142331004142761
972,1316,0.6852741241455078
972,2694,0.6844394207000732
972,3224,0.6752802133560181
973,1351,0.7572723627090454
973,3104,0.7372705936431885
974,2853,0.6021437644958496
975,2324,0.8117128014564514
975,2131,0.7931826710700989
975,2535,0.7928143739700317
975,2548,0.7916557788848877
975,2162,0.7894964218139648
975,2021,0.7867581844329834
975,2421,0.7858959436416626
975,1173,0.7848865985870361
976,2656,0.8010439276695251
976,1265,0.7976621389389038
976,1290,0.7905393838882446
976,3205,0.7706155776977539
976,3177,0.7668275833129883
976,1151,0.7593104839324951
976,3179,0.7572250962257385
976,3193,0.75039142370224
976,1600,0.7487056255340576
976,2721,0.7481356263160706
977,2531,0.7932841777801514
977,2411,0.7545530796051025
977,2746,0.7384771108627319
977,2956,0.7174192667007446
979,3295,0.8468745946884155
979,2031,0.8289915323257446
979,2328,0.8140069842338562
979,2832,0.7563058137893677
979,2674,0.7536917924880981
980,2621,0.9253406524658203
980,1948,0.7773294448852539
980,1793,0.7568473815917969
980,1168,0.7556365728378296
982,2397,0.8209148645401001
982,1622,0.8181143999099731
982,3014,0.8049776554107666
982,3204,0.8045733571052551
982,2924,0.8029356002807617
982,1127,0.8012586236000061
982,2072,0.8011751174926758
984,1240,0.6623104810714722
986,1618,0.8663036823272705
986,2283,0.8607379198074341
986,2308,0.8380823135375977
986,2322,0.8379172086715698
986,2557,0.7780519723892212
987,1111,0.8791812062263489
987,1104,0.87441086769104
987,2401,0.8394641876220703
987,2422,0.8282988667488098
987,1677,0.8274419903755188
987,1782,0.8271493911743164
987,2294,0.8258917331695557
987,2427,0.8234601020812988
987,1586,0.8191907405853271
987,2563,0.8111565113067627
988,2424,0.8282024264335632
988,2409,0.8201411962509155
988,3310,0.8149468302726746
988,2922,0.8081424832344055
988,2935,0.8028975129127502
988,2324,0.8005540370941162
988,1823,0.7935689091682434
988,1059,0.7918611764907837
988,2732,0.7857373356819153
988,1166,0.7829103469848633
989,2300,0.6836681962013245
989,2660,0.6808254718780518
990,1128,0.7566084265708923
993,2693,0.8551408052444458
993,1881,0.8143772482872009
993,2393,0.8134366869926453
993,2702,0.8075584769248962
993,3173,0.806347131729126
993,1335,0.8016364574432373
993,1273,0.7871088981628418
993,2317,0.785790205001831
993,1619,0.7778221368789673
994,1108,0.6614173650741577
995,2236,0.75680011510849
995,1317,0.7151700258255005
995,3128,0.6904496550559998
997,2850,0.9205243587493896
997,3127,0.9205243587493896
997,2036,0.7669415473937988
997,2824,0.7490594387054443
997,1844,0.7481055855751038
997,1748,0.7332992553710938
998,1274,0.6853558421134949
998,1854,0.6128301620483398
999,2657,0.9509142637252808
999,1079,0.8979153037071228
999,2387,0.765836238861084
1000,1417,0.7012252807617188
1001,2513,0.8031244277954102
1001,3235,0.7940360903739929
1001,1366,0.7936918139457703
1001,1739,0.7650651931762695
1001,1118,0.7580122351646423
1001,3018,0.7566594481468201
1001,1850,0.7534549236297607
1001,2789,0.7531721591949463
1002,3217,0.6546955108642578
1004,2206,0.8365163803100586
1004,1890,0.7988213300704956
1004,1889,0.7973052263259888
1004,1027,0.7850462198257446
1004,2762,0.7742461562156677
1004,1314,0.7711751461029053
1004,2462,0.7600417137145996
1005,1116,0.7024984359741211
1005,2014,0.6495600938796997
1006,2887,0.6674485206604004
1007,1174,0.8395247459411621
1007,1104,0.8348714113235474
1007,2197,0.8191455602645874
1007,2234,0.8190264701843262
1007,1823,0.8166463971138
1007,2397,0.8139618635177612
1007,1415,0.8133819103240967
1007,1139,0.8042920827865601
1007,1586,0.8023130297660828
1009,1536,0.7983307838439941
1009,1087,0.7469252347946167
1011,1249,0.785372793674469
1012,1012,1.0
1012,1027,0.7804701328277588
1012,2830,0.7764503955841064
1012,2160,0.7673518657684326
1013,3119,0.747772216796875
1013,1578,0.747772216796875
1013,1963,0.7290008068084717
1013,3143,0.7278580665588379
1013,1208,0.7131143808364868
1015,1540,0.6081703901290894
1016,2650,0.7092464566230774
1016,1665,0.7061732411384583
1016,1539,0.700090229511261
1017,2384,0.6141369342803955
1017,2644,0.5911545753479004
1018,2199,0.7284488081932068
1019,3111,0.9999997615814209
1019,1903,0.7409586906433105
1020,2331,0.79511559009552
1021,1184,0.7083253860473633
1022,2061,0.7217541933059692
1022,1420,0.7180147171020508
1023,1533,0.7332628965377808
1023,2419,0.7107123732566833
1024,1573,0.7768217325210571
1024,1975,0.7439223527908325
1024,1596,0.7424258589744568
1024,3121,0.7411097288131714
1024,1041,0.7356405258178711
1025,2588,0.6441148519515991
1026,3061,0.8593300580978394
1026,2894,0.7298156023025513
1026,1508,0.7156237363815308
1027,1495,0.804987370967865
1027,2830,0.7895429134368896
1027,2578,0.7874292135238647
1027,3000,0.7804701328277588
1027,3262,0.7787601947784424
1029,1401,0.7611457705497742
1029,2290,0.7591902017593384
1031,2758,0.6771200299263
1033,1801,0.6813549995422363
1035,2511,0.797182559967041
1035,2125,0.7948237657546997
1035,2516,0.777050256729126
1036,1417,0.7437010407447815
1036,2136,0.6381211280822754
1036,2664,0.6099398136138916
1037,1303,0.7339075803756714
1038,2309,0.8200622797012329
1038,1141,0.8089816570281982
1038,2021,0.7859435081481934
1038,2386,0.7757869958877563
1038,2780,0.7739431262016296
1038,1344,0.7640005350112915
1039,2550,0.6840389966964722
1040,1110,0.7399371862411499
1040,2051,0.7228431701660156
1041,2121,0.7264705300331116
1042,2546,0.7287429571151733
1042,1766,0.7245869636535645
1042,2284,0.7003740072250366
1044,2068,0.6932264566421509
1045,1214,0.6884639859199524
1045,1640,0.681262731552124
1045,1568,0.633812665939331
1046,1596,0.7344587445259094
1046,3285,0.6811627149581909
1046,2584,0.6779734492301941
1046,1615,0.6729634404182434
1047,1047,1.0
1048,2285,0.720068097114563
1048,1208,0.7100829482078552
1049,2463,0.7486653327941895
1051,1769,0.7344982028007507
1051,2078,0.7266027927398682
1051,1198,0.7183278799057007
1052,2646,0.7045644521713257
1052,1082,0.7002084255218506
1052,3305,0.6968908309936523
1053,2494,0.7783681154251099
1053,2123,0.7687077522277832
1053,1960,0.7374687194824219
1053,1687,0.7348455786705017
1054,2840,0.7646745443344116
1054,2006,0.73758864402771
1054,1244,0.7246320843696594
1054,2592,0.7151543498039246
1055,2818,0.7118359804153442
1059,3094,0.844791054725647
1059,1793,0.8163745999336243
1059,3192,0.806490421295166
1059,1229,0.7943793535232544
1059,1475,0.792075514793396
1059,2569,0.7902668714523315
1060,2063,0.7799222469329834
1060,2350,0.764910101890564
1060,2714,0.7628967761993408
1060,1515,0.755542516708374
1060,3218,0.755542516708374
1060,1421,0.7519177198410034
1060,1336,0.7433763146400452
1061,2188,0.7842422127723694
1063,2162,0.7849597930908203
1063,1318,0.7806655168533325
1064,1933,0.7315961718559265
1064,1735,0.7197495698928833
1065,1065,1.0
1066,2688,0.993532121181488
1066,1804,0.7597018480300903
1066,1985,0.7448835372924805
1066,1403,0.7240468263626099
1066,2704,0.7220426797866821
1066,3072,0.7201065421104431
1068,1134,0.7194448709487915
1070,2169,0.7790035605430603
1070,1611,0.7593551874160767
1070,1737,0.7549031376838684
1070,1272,0.7464687824249268
1070,2858,0.7396891117095947
1071,2189,0.821873664855957
1071,2535,0.8089920282363892
1071,2594,0.7980490922927856
1071,2101,0.7750009894371033
1072,1278,0.9999998807907104
1072,2403,0.6404654383659363
1072,3164,0.6125960350036621
1073,2535,0.8162057399749756
1073,2153,0.7927041053771973
1073,2021,0.7834862470626831
1073,1964,0.7822795510292053
1073,2964,0.7709326148033142
1073,2551,0.7704472541809082
1074,2817,0.7914394736289978
1074,3121,0.757302463054657
1074,2269,0.7570192813873291
1074,2934,0.7344304323196411
1074,2297,0.7344304323196411
1076,2579,0.7807281613349915
1076,3190,0.7602909207344055
1076,2859,0.7593363523483276
1077,1080,0.7544387578964233
1077,2499,0.747107982635498
1079,2657,0.8398206233978271
1080,1855,0.7782871127128601
1080,3290,0.7544387578964233
1081,1650,0.709306001663208
1081,2658,0.6704971790313721
1081,3171,0.6146349310874939
1082,1723,0.7332353591918945
1082,2494,0.7100774645805359
1084,2344,0.7988765239715576
1084,2513,0.7847416996955872
1084,3328,0.7710059881210327
1084,1717,0.7710059881210327
1084,3030,0.7648032903671265
1084,1366,0.7583692073822021
1084,2789,0.7517237663269043
1084,2063,0.7452182769775391
1084,2279,0.7444421052932739
1085,1280,0.7284137010574341
1085,3103,0.7108142971992493
1085,2737,0.70771324634552
1086,1701,0.709333598613739
1086,2592,0.7039458751678467
1087,2753,0.7517925500869751
1087,1931,0.729733943939209
1088,1249,0.8173918724060059
1088,2196,0.7892508506774902
1088,1233,0.7887241840362549
1088,1654,0.7717071771621704
1088,2684,0.7499840259552002
1088,1919,0.7463877201080322
1088,1462,0.7411962747573853
1089,2717,0.7163580656051636
1089,1872,0.6616228818893433
1090,3017,0.9999998807907104
1090,1111,0.807746410369873
1090,1551,0.7916751503944397
1090,2563,0.7913744449615479
1091,2438,0.786343514919281
1091,1545,0.7528928518295288
1091,2486,0.7468475699424744
1092,1839,0.7391425371170044
1092,2766,0.7000032663345337
1092,2885,0.6903684139251709
1092,3211,0.6716960668563843
1093,2033,0.8840145468711853
1093,2737,0.7359938621520996
1093,2456,0.735291063785553
1093,3317,0.7329033017158508
1093,3031,0.7206956148147583
1094,2137,0.7610907554626465
1094,3239,0.7123950719833374
1095,1344,0.7743279933929443
1095,2279,0.7657957673072815
1096,2078,0.705247163772583
1096,1790,0.6893467903137207
1097,2408,0.7517180442810059
1098,3230,0.6966352462768555
1099,2310,0.7376904487609863
1099,2086,0.731370747089386
1101,2967,0.7053378224372864
1104,2422,0.8437588810920715
1104,1111,0.8411768078804016
1104,2283,0.8393837809562683
1104,2141,0.8346679210662842
1104,3295,0.8298832178115845
1104,2397,0.8239368200302124
1104,2355,0.8234603404998779
1105,2153,0.7963907718658447
1105,2289,0.7945999503135681
1105,2461,0.793893575668335
1105,1960,0.7901179790496826
1105,2427,0.7869400978088379
1105,2713,0.7826548218727112
1106,3253,0.6939646601676941
1106,1179,0.687789797782898
1106,1294,0.6818849444389343
1107,1161,0.7738166451454163
1107,3028,0.7737083435058594
1107,1241,0.7574518918991089
1108,1525,0.6729201078414917
1109,1550,0.7790958881378174
1109,1911,0.7180256843566895
1110,3299,0.7956792116165161
1110,1935,0.7554672360420227
1110,2491,0.7517644166946411
1111,1677,0.8393557071685791
1111,2401,0.8185611963272095
1111,2294,0.8149202466011047
1111,3017,0.807746410369873
1111,1812,0.8060363531112671
1111,1586,0.8047468066215515
1111,2786,0.801521897315979
1112,1894,0.7116534113883972
1113,1120,0.8020046949386597
1113,1468,0.7522716522216797
1113,1337,0.72358238697052
1114,2939,0.6809532642364502
1115,3147,0.6438531875610352
1116,3345,0.7076915502548218
1116,2586,0.7007992267608643
1116,1410,0.6907471418380737
1118,2344,0.7764321565628052
1118,1366,0.7261285781860352
1121,1144,0.7557526230812073
1121,1292,0.7534171342849731
1121,3121,0.7509968280792236
1121,2816,0.7505865693092346
1121,2724,0.7504346966743469
1123,3355,0.9999998211860657
1123,3296,0.7720505595207214
1123,2078,0.7073497772216797
1123,3132,0.7045882940292358
1124,1457,0.7398920059204102
1125,3280,0.935460090637207
1125,1726,0.7278239130973816
1125,3134,0.7255353927612305
1125,1827,0.7249899506568909
1125,3197,0.7144793272018433
1125,2353,0.6896040439605713
1127,1634,0.8371061086654663
1127,2397,0.8141273260116577
1127,1613,0.8132830858230591
1127,1823,0.8107373714447021
1127,2732,0.8094127178192139
1127,1139,0.8064256906509399
1128,2548,0.8013548254966736
1128,1173,0.7781070470809937
1128,2280,0.7716224193572998
1128,3259,0.7693787813186646
1128,2473,0.7652699947357178
1128,3021,0.7600569725036621
1128,2479,0.7517443895339966
1128,2359,0.7474446296691895
1131,2351,0.7603077292442322
1133,2487,0.8119606971740723
1133,1639,0.8055918216705322
1133,1361,0.8031265735626221
1133,2565,0.7965117692947388
1133,1607,0.7899153828620911
1133,1716,0.7880432605743408
1133,1330,0.7851376533508301
1133,1637,0.784555971622467
1133,1372,0.7845498919487
1134,1830,0.7754486799240112
1134,1608,0.7269886136054993
1135,3159,0.6528449654579163
1136,2508,0.7869926691055298
1137,1671,0.7973865866661072
1137,1829,0.7689692378044128
1137,1190,0.7628114223480225
1137,2056,0.7397823333740234
1137,3075,0.7355135679244995
1139,1415,0.8219167590141296
1139,2398,0.818860650062561
1139,1823,0.8063172698020935
1139,1917,0.8051844835281372
1139,1387,0.8047364950180054
1139,1456,0.7987550497055054
1140,1820,0.7607892155647278
1140,2558,0.7185063362121582
1140,3333,0.707399845123291
1141,2309,0.86930251121521
1141,2303,0.8308683633804321
1141,1812,0.8202694654464722
1141,1634,0.8182404637336731
1141,1344,0.8074466586112976
1141,2412,0.8063178658485413
1141,1253,0.8044629693031311
1141,2445,0.8040686249732971
1141,1401,0.8007597923278809
1141,1709,0.7985184788703918
1141,1167,0.7969806790351868
1142,2335,0.7909899950027466
1144,1171,0.9306679964065552
1145,1972,0.7505010366439819
1147,1241,0.7537136673927307
1150,1619,0.8113455772399902
1150,1834,0.7671669721603394
1151,1242,0.7767699956893921
1151,2656,0.7550951838493347
1151,2296,0.7434322834014893
1151,3121,0.7424312233924866
1153,3327,0.7002304792404175
1154,2191,0.8029425144195557
1155,1155,1.0
1155,1372,0.7807061672210693
1155,1824,0.7409940958023071
1156,1250,0.7510066032409668
1157,2195,0.7213371992111206
1157,2201,0.6928318738937378
1158,1192,0.7460775375366211
1158,1900,0.7128763794898987
1159,1901,0.8172191381454468
1159,2575,0.8086183667182922
1159,1826,0.789354681968689
1159,3259,0.7638581395149231
1159,2318,0.7601189613342285
1161,3028,0.8227678537368774
1161,2445,0.7975059747695923
1161,1605,0.7945806384086609
1161,2421,0.7940174341201782
1161,3002,0.7927806377410889
1161,2324,0.7870608568191528
1161,1902,0.7847810983657837
1161,2380,0.7795219421386719
1161,2389,0.7728468179702759
1162,2676,0.7809179425239563
1162,2139,0.7772477865219116
1162,1166,0.7688181400299072
1163,1608,0.7446469068527222
1163,1843,0.7261025905609131
1163,2124,0.7095662355422974
1164,3022,0.6710014343261719
1166,2004,0.8026801347732544
1166,2409,0.7724267244338989
1166,1394,0.7553052306175232
1167,2309,0.8408864736557007
1167,2303,0.8310887217521667
1167,1313,0.8043159246444702
1167,2348,0.7966288328170776
1167,2693,0.791051983833313
1167,1671,0.7874097228050232
1168,2153,0.7709444761276245
1168,2922,0.7660599946975708
1169,2676,0.7887495756149292
1169,2259,0.7466846108436584
1169,2607,0.7349367737770081
1170,2070,0.6735535860061646
1172,2397,0.8438059091567993
1172,3204,0.8063027262687683
1172,1576,0.7672688961029053
1173,1485,0.7799062728881836
1173,2386,0.7751495242118835
1173,1215,0.7740960121154785
1173,1453,0.771040141582489
1173,1630,0.7675366401672363
1173,2829,0.7651432752609253
1174,2197,0.7952172756195068
1174,2139,0.7783520221710205
1174,2190,0.769279956817627
1174,2234,0.765968918800354
1174,2463,0.761217474937439
1174,2059,0.7491267919540405
1176,1523,0.7429852485656738
1176,3356,0.7360107898712158
1177,1820,0.763714075088501
1177,1935,0.7610198855400085
1177,1299,0.7413410544395447
1178,2645,0.7203391790390015
1178,2147,0.716456413269043
1178,2447,0.7131263017654419
1179,1284,0.7490817904472351
1179,1235,0.676515519618988
1180,1402,0.8018540143966675
1183,2546,0.7028521299362183
1184,2236,0.7558193802833557
1184,1846,0.7456690669059753
1185,2503,0.6983325481414795
1185,1788,0.6751497983932495
1186,2731,0.7319197058677673
1186,3197,0.7273329496383667
1186,1315,0.6499215960502625
1187,1826,0.719921886920929
1187,3021,0.7055311799049377
1189,2438,0.786918044090271
1189,1397,0.7270089983940125
1189,2586,0.7205315828323364
1189,1636,0.7185481786727905
1189,3114,0.7185481786727905
1190,1933,0.8019489049911499
1190,1605,0.7907835841178894
1190,1836,0.774207353591919
1190,1646,0.7607945799827576
1190,1935,0.7570241689682007
1190,1550,0.755852460861206
1191,3291,0.6740293502807617
1191,1620,0.6715404987335205
1191,1852,0.6559668183326721
1192,2359,0.7479329109191895
1193,1250,0.826021671295166
1193,2517,0.7920586466789246
1193,3102,0.7691659927368164
1193,2454,0.7635958194732666
1193,1737,0.7547317743301392
1193,2456,0.7450768947601318
1194,3304,0.7260956168174744
1195,1764,0.6560795307159424
1196,2088,0.7079600095748901
1196,2946,0.7055760622024536
1196,1653,0.7016903758049011
1196,1635,0.6881868243217468
1197,2645,0.768744945526123
1197,1366,0.7564483880996704
1197,3030,0.7486456632614136
1197,2091,0.7407305240631104
1197,2789,0.7381348013877869
1198,1635,0.6522411108016968
1200,2832,0.7232708930969238
1202,3221,0.8312815427780151
1202,2563,0.8114242553710938
1202,3204,0.8073923587799072
1202,3136,0.7982922792434692
1202,1570,0.7982922792434692
1202,2589,0.795647382736206
1202,1782,0.7864757180213928
1202,2401,0.785546064376831
1202,2428,0.7819766402244568
1203,2293,0.7924391031265259
1203,2589,0.7883971333503723
1203,3273,0.7653805017471313
1203,3097,0.7589313983917236
1203,2228,0.7542189359664917
1206,1224,0.6464449167251587
1206,2845,0.6458094120025635
1208,1250,0.7565063238143921
1210,2505,0.6698922514915466
1211,2198,0.6562743186950684
1212,1421,0.7488352060317993
1212,1864,0.72873854637146
1212,2795,0.7172940969467163
1212,2065,0.7160654067993164
1212,1336,0.706575870513916
1212,1684,0.7001096606254578
1213,2380,0.7860219478607178
1213,2175,0.7858195304870605
1213,2277,0.7794163227081299
1213,3261,0.7646539211273193
1213,2995,0.7606366872787476
1214,2636,0.6752343773841858
1214,2791,0.5925894975662231
1215,2816,0.7644407749176025
1215,2051,0.7631814479827881
1215,2707,0.7427763938903809
1215,1276,0.741779088973999
1216,1640,0.6954763531684875
1216,3344,0.622668981552124
1217,1616,0.7397791743278503
1217,2707,0.7212322950363159
1218,2930,0.6648964881896973
1219,3340,0.7596299648284912
1219,2248,0.7493869066238403
1219,2997,0.7432178258895874
1219,1600,0.7407010793685913
1219,2041,0.7358673214912415
1221,2342,0.7675231695175171
1222,1468,0.729632556438446
1223,1257,0.7405800819396973
1223,2130,0.718569278717041
1225,1855,0.7922086715698242
1225,2541,0.7740913033485413
1225,2179,0.7414393424987793
1225,1863,0.7257070541381836
1226,2588,0.7022181749343872
1229,1241,0.7667381763458252
1230,2537,0.6964327096939087
1230,1957,0.6845139265060425
1233,1249,0.864539623260498
1233,1387,0.8273382186889648
1233,2196,0.8114172220230103
1233,1462,0.8081459403038025
1233,2480,0.794588029384613
1233,2314,0.7926523685455322
1233,1656,0.78440260887146
1233,2343,0.7784396409988403
1233,1934,0.7740925550460815
1233,1654,0.7736203670501709
1233,2684,0.773279070854187
1234,3059,0.7022822499275208
1234,3260,0.7022822499275208
1234,1562,0.7022822499275208
1235,1304,0.6685842275619507
1235,1284,0.6573119759559631
1236,1274,0.6716195344924927
1236,1875,0.660072922706604
1236,2784,0.6209373474121094
1236,1384,0.6164175868034363
1237,2156,0.7330092787742615
1237,1504,0.7134647369384766
1237,1443,0.7104270458221436
1239,1740,0.674176037311554
1239,2823,0.6513456106185913
1240,2818,0.6944563388824463
1240,3268,0.6701450347900391
1240,2764,0.6608843803405762
1241,2077,0.7442423105239868
1242,2656,0.790331244468689
1242,2233,0.7575221061706543
1244,2296,0.7760695219039917
1244,2746,0.7746775150299072
1244,2086,0.7694337368011475
1244,3236,0.734253466129303
1244,2899,0.6999765634536743
1244,1281,0.6934680938720703
1247,3028,0.7710050344467163
1247,1268,0.7361453771591187
1247,3356,0.7351394891738892
1248,2315,0.7068561315536499
1248,1601,0.7055530548095703
1248,2520,0.6981006264686584
1249,1387,0.8544356822967529
1249,2314,0.8500113487243652
1249,2322,0.8377560377120972
1249,1656,0.8217031955718994
1249,2343,0.8162007331848145
1249,2196,0.802958607673645
1249,2480,0.798758864402771
1249,1654,0.7936551570892334
1249,2141,0.7908963561058044
1250,2084,0.7486517429351807
1250,2454,0.7358988523483276
1251,2544,0.8045089244842529
1251,1253,0.8029348850250244
1251,1415,0.8008795976638794
1251,2355,0.7998378872871399
1251,2368,0.7936311364173889
1251,2569,0.7914034128189087
1251,2361,0.7881760597229004
1251,2604,0.7862863540649414
1251,2319,0.7843150496482849
1251,1335,0.7839981317520142
1253,2309,0.8313086032867432
1253,1415,0.8170472383499146
1253,2527,0.8109186887741089
1253,1335,0.8103970289230347
1253,2303,0.8100646734237671
1253,2702,0.8067102432250977
1253,2569,0.8050723075866699
1253,2319,0.8032528758049011
1253,1296,0.8031067252159119
1253,2487,0.7994792461395264
1254,1254,1.0
1256,2017,0.7746943235397339
1256,3142,0.7466315031051636
1256,2822,0.7399324178695679
1256,2987,0.7371025085449219
1256,2491,0.7348531484603882
1256,2056,0.7301797270774841
1256,1265,0.7294961214065552
1256,1997,0.7167772054672241
1256,2755,0.710030198097229
1257,2943,0.7985472679138184
1257,1401,0.7627724409103394
1257,1501,0.7606973648071289
1257,1631,0.7422873377799988
1257,2408,0.7372553944587708
1257,2650,0.7316207885742188
1257,2130,0.7284212112426758
1259,2517,0.7661522626876831
1259,2858,0.7277121543884277
1259,1722,0.7141328454017639
1260,2839,0.6880003213882446
1260,2868,0.6645796298980713
1262,2768,0.6905703544616699
1263,2069,0.6468523740768433
1265,1739,0.7814412117004395
1265,2656,0.764886736869812
1265,1285,0.7381591796875
1265,1997,0.7375801801681519
1265,1451,0.7281455993652344
1265,2584,0.7183685898780823
1266,2338,0.8025541305541992
1266,1830,0.7894507050514221
1266,2275,0.7872047424316406
1266,1512,0.7810484170913696
1266,1517,0.7737590074539185
1267,3231,0.7374019622802734
1267,2819,0.7340224385261536
1267,2013,0.7293214201927185
1267,2799,0.713212788105011
1268,1890,0.7893772721290588
1269,3123,0.7583352327346802
1269,2111,0.7582772970199585
1270,1613,0.7944132089614868
1271,2604,0.7670907378196716
1271,2368,0.7642002701759338
1272,3201,0.7242617607116699
1272,1771,0.7177689075469971
1273,1639,0.8099228143692017
1273,1361,0.8095691204071045
1273,3014,0.8014773726463318
1273,2190,0.8012022972106934
1273,2317,0.8004086017608643
1273,2338,0.7947496175765991
1273,2490,0.7928221225738525
1273,2409,0.7858967781066895
1273,1456,0.7858541011810303
1275,1590,0.7750364542007446
1275,3341,0.7528817653656006
1276,1826,0.7553048133850098
1276,3259,0.7543841600418091
1276,1288,0.7501447796821594
1276,2934,0.7405553460121155
1276,2297,0.7405553460121155
1276,2812,0.7278231978416443
1277,2766,0.7537644505500793
1277,1839,0.7224563360214233
1277,2531,0.7132644653320312
1278,2403,0.6404654383659363
1278,3164,0.6125960350036621
1281,1304,0.7950047254562378
1281,1608,0.7287075519561768
1281,3291,0.6869988441467285
1282,3076,0.632804274559021
1283,3006,0.7760821580886841
1283,2313,0.7645162343978882
1284,1957,0.7044392228126526
1284,1620,0.6488713026046753
1285,1355,0.7466452121734619
1286,1395,0.7465771436691284
1287,1959,0.707838773727417
1288,1851,0.733145534992218
1288,2740,0.7201062440872192
1288,3021,0.712380051612854
1289,2745,0.7024831771850586
1290,1613,0.8017698526382446
1290,1590,0.7777292728424072
1290,1600,0.7738100290298462
1290,1442,0.7734130024909973
1290,2701,0.7690389156341553
1290,2964,0.7663657665252686
1291,2496,0.6350690126419067
1291,2802,0.5938680171966553
1292,2786,0.7736528515815735
1292,3070,0.7434672117233276
1292,1435,0.7377274036407471
1293,1764,0.6673760414123535
1293,3047,0.659318208694458
1294,3206,0.7246515154838562
1296,2393,0.8360497951507568
1296,3235,0.8158484697341919
1296,2272,0.8136978149414062
1296,3173,0.8023453950881958
1296,1802,0.800782322883606
1296,2290,0.7827416658401489
1296,1335,0.7808153629302979
1296,2348,0.7743926048278809
1298,1399,0.7553699016571045
1300,2234,0.7884517908096313
1300,2485,0.7880426645278931
1300,2511,0.7820411920547485
1300,1944,0.78083336353302
1300,2602,0.7668471336364746
1301,1631,0.739404559135437
1302,3004,0.7990537881851196
1302,2162,0.7635511159896851
1302,1582,0.7581030130386353
1302,3115,0.7581030130386353
1303,1756,0.8053353428840637
1303,2368,0.7861369848251343
1303,1462,0.7729350328445435
1303,2319,0.7545835971832275
1303,2512,0.7307745218276978
1304,1957,0.6568539142608643
1305,2399,0.8331001996994019
1305,1903,0.7764348983764648
1305,1570,0.7524394989013672
1306,3070,0.7479852437973022
1306,1879,0.7194861173629761
1307,1485,0.7858538627624512
1307,2598,0.7455735206604004
1307,2493,0.7362011671066284
1307,2953,0.7193615436553955
1308,1704,0.7329221367835999
1308,2828,0.6942673325538635
1308,2375,0.6899339556694031
1308,1740,0.6767035722732544
1311,2800,0.7330600023269653
1312,2645,0.7489433288574219
1312,2208,0.6622473001480103
1313,1634,0.8299520015716553
1313,2243,0.8187042474746704
1313,1943,0.8175204992294312
1313,2393,0.8143727779388428
1313,1812,0.8087863922119141
1313,1467,0.8061016798019409
1313,1677,0.8044469356536865
1313,2272,0.8025109767913818
1313,2427,0.7996964454650879
1314,2739,0.8114134073257446
1314,3235,0.8075058460235596
1314,2389,0.8031659126281738
1314,2386,0.7977610230445862
1315,3197,0.6775745153427124
1315,1651,0.6718730926513672
1316,2987,0.7221567034721375
1316,3019,0.7180869579315186
1317,2236,0.7616696357727051
1317,3016,0.7230156064033508
1317,2238,0.7035840749740601
1317,1967,0.6907028555870056
1317,3128,0.6834508180618286
1318,1382,0.7765601873397827
1318,1332,0.7561001777648926
1319,2011,0.7582274079322815
1319,1660,0.7337179183959961
1319,2696,0.7219781875610352
1319,2603,0.7044873237609863
1321,1895,0.737969696521759
1323,3078,0.7467371821403503
1324,3018,0.7445061206817627
1324,3183,0.684666097164154
1324,1592,0.6731467843055725
1324,3338,0.6731467843055725
1325,2028,0.8331941366195679
1325,2313,0.7839381694793701
1325,1485,0.7734559774398804
1325,2123,0.7729594707489014
1326,2516,0.7664480209350586
1326,2837,0.6727621555328369
1329,3002,0.7709017992019653
1329,2071,0.7699133157730103
1329,1579,0.7486752271652222
1329,2405,0.7311674356460571
1330,1917,0.7867411375045776
1330,2031,0.7782518863677979
1330,1538,0.7734917402267456
1330,2565,0.7732064127922058
1330,1929,0.7709313035011292
1330,1561,0.7686293125152588
1331,3147,0.6400480270385742
1332,2444,0.7650283575057983
1332,1908,0.7602004408836365
1333,2501,0.6580559015274048
1333,2503,0.648871898651123
1333,2659,0.6464247703552246
1333,2742,0.6135287284851074
1333,2825,0.5910370349884033
1334,3044,0.9154075980186462
1335,2412,0.8060604333877563
1335,1605,0.8045179843902588
1335,2702,0.7960025072097778
1335,2487,0.7873677611351013
1335,2004,0.7785524129867554
1336,1494,0.7246474027633667
1337,2642,0.7446891665458679
1337,1778,0.7190846800804138
1338,2346,0.7926571369171143
1338,1507,0.7855583429336548
1338,1573,0.7750020623207092
1338,2153,0.7715070843696594
1339,1751,0.7471386194229126
1340,2674,0.8034816980361938
1340,1807,0.7524541020393372
1340,2200,0.7454196214675903
1340,1394,0.7130029201507568
1342,2566,0.6783050894737244
1343,2832,0.7176746726036072
1344,2309,0.8176510334014893
1344,2670,0.7631262540817261
1347,1960,0.7488961219787598
1347,3113,0.7004181146621704
1347,1430,0.6885719299316406
1347,2566,0.6882228255271912
1349,2534,0.7796655893325806
1350,2598,0.7878965735435486
1350,1797,0.780791163444519
1350,1682,0.7790522575378418
1350,1395,0.7684851884841919
1350,1536,0.7611725330352783
1350,3323,0.7564530372619629
1351,1789,0.7904961109161377
1351,1820,0.7836453914642334
1351,2047,0.763939380645752
1351,2749,0.7604256868362427
1351,3075,0.7603027820587158
1351,1975,0.7542433738708496
1353,1823,0.8151776790618896
1353,1512,0.7914032340049744
1353,2072,0.7690587043762207
1354,2562,0.7549400925636292
1354,2251,0.7286292314529419
1355,3177,0.7854475975036621
1355,1739,0.755810558795929
1355,1699,0.7473139762878418
1355,2816,0.744809091091156
1355,2010,0.7387435436248779
1356,1559,0.743335485458374
1357,2766,0.7307740449905396
1357,1534,0.676094114780426
1358,2373,0.7026954293251038
1358,2114,0.6919302344322205
1359,3263,0.765335202217102
1359,3003,0.7284711599349976
1359,2951,0.7261393666267395
1359,1416,0.7173343896865845
1360,1418,0.702989935874939
1360,2584,0.6873421669006348
1361,1415,0.8218243718147278
1361,1372,0.8097169399261475
1361,3014,0.8039705157279968
1361,1668,0.7841216325759888
1361,2674,0.7837404012680054
1362,1614,0.7446303367614746
1362,3150,0.7307173013687134
1362,3042,0.707467794418335
1363,2377,0.9029724597930908
1363,1530,0.7354318499565125
1363,2960,0.7084389925003052
1364,2080,0.6812700033187866
1366,2513,0.7825509309768677
1366,2789,0.7733681201934814
1366,2279,0.7451673150062561
1366,2603,0.7201177477836609
1369,2432,0.7404459714889526
1372,2511,0.784168004989624
1372,1408,0.7807061672210693
1372,2101,0.7752212882041931
1372,1533,0.7671448588371277
1373,2042,0.652946949005127
1373,2984,0.6199179887771606
1374,2385,0.7207205295562744
1374,3001,0.7207205295562744
1376,1488,0.6001589298248291
1380,2103,0.693739116191864
1380,3120,0.6797897815704346
1381,2636,0.672747790813446
1382,2674,0.8048396110534668
1382,2569,0.7948862314224243
1384,2306,0.660586953163147
1386,1838,0.7806726694107056
1386,3356,0.770867109298706
1386,2793,0.7649979591369629
1386,2725,0.7498856782913208
1386,2374,0.7492094039916992
1387,2322,0.8499128222465515
1387,2141,0.8223580121994019
1387,1654,0.8181900382041931
1387,2196,0.8105023503303528
1387,1415,0.8015993237495422
1387,2314,0.8000553846359253
1389,2060,0.7016874551773071
1389,3113,0.6963236331939697
1393,3081,0.6941568851470947
1393,2639,0.6872870922088623
1394,2582,0.781444787979126
1394,1638,0.7264829874038696
1395,2676,0.812419056892395
1395,3031,0.7908501625061035
1395,1902,0.786383330821991
1395,2508,0.7766491770744324
1395,1536,0.7412351965904236
1395,1794,0.7398144006729126
1397,3080,0.8246631622314453
1397,2609,0.7663453221321106
1397,2438,0.7552430033683777
1397,1888,0.721540093421936
1398,1545,0.7254935503005981
1401,2943,0.7720047235488892
1401,1889,0.7527179718017578
1402,2676,0.7723874449729919
1402,2578,0.7638548612594604
1403,1985,0.7970353960990906
1403,2379,0.7398554086685181
1403,2688,0.7208667397499084
1404,3353,0.7311395406723022
1404,2352,0.7158565521240234
1408,1824,0.7409940958023071
1410,2782,0.6841086149215698
1412,1555,0.7483857870101929
1412,3200,0.7464005947113037
1412,1602,0.7464005947113037
1413,3293,0.9999998807907104
1415,3014,0.837063729763031
1415,2044,0.811071515083313
1415,2511,0.8049260377883911
1415,2319,0.7978946566581726
1415,2338,0.797594428062439
1415,2398,0.796339213848114
1417,1809,0.7138011455535889
1418,2392,0.9410250186920166
1418,2408,0.7398674488067627
1418,1975,0.737099289894104
1419,1658,0.6626395583152771
1419,2895,0.6304173469543457
1419,2896,0.629955530166626
1420,2316,0.7240222692489624
1420,2806,0.721664309501648
1420,2058,0.709753155708313
1421,1515,0.793950080871582
1421,3218,0.793950080871582
1421,2291,0.7897599935531616
1421,3248,0.7691723108291626
1421,3328,0.7643051743507385
1421,1717,0.7643051743507385
1421,3205,0.7510518431663513
1421,1657,0.7415421009063721
1421,3145,0.7415421009063721
1424,1721,0.7325621247291565
1424,1564,0.731182336807251
1425,2868,0.6623064279556274
1427,1638,0.7712389230728149
1427,2545,0.7434260249137878
1428,2698,0.9999997019767761
1428,3230,0.6700592041015625
1429,2528,0.729285478591919
1430,2109,0.7079787850379944
1431,2496,0.6790164709091187
1432,2714,0.7817195057868958
1432,1622,0.7576745748519897
1432,3205,0.7553895115852356
1432,2711,0.7529267072677612
1432,2903,0.7508491277694702
1432,2038,0.7504664659500122
1432,3236,0.7437604665756226
1432,2746,0.7406525611877441
1432,1583,0.7396001815795898
1434,2448,0.7013698816299438
1434,2745,0.684906542301178
1435,2716,0.7441332340240479
1439,3123,0.7267995476722717
1440,2243,0.8104351758956909
1440,2199,0.7971980571746826
1440,3007,0.7968884706497192
1440,1980,0.7913753390312195
1440,1759,0.7813923358917236
1440,2670,0.7795338034629822
1440,2039,0.7772092819213867
1441,1949,0.7665826082229614
1441,2521,0.7197362184524536
1441,2364,0.7090234756469727
1441,1777,0.7046777009963989
1442,2185,0.8027417659759521
1442,3235,0.7974745035171509
1442,1890,0.7903376817703247
1442,3118,0.783762514591217
1442,2578,0.779857873916626
1444,2111,0.7362312078475952
1445,3097,0.7471334934234619
1445,1844,0.7404119372367859
1447,2815,0.7380560636520386
1447,1778,0.731570839881897
1447,2739,0.7270256280899048
1447,2873,0.7139008045196533
1450,3264,0.738161027431488
1450,3236,0.7322927713394165
1450,2006,0.7280013561248779
1451,2192,0.7122441530227661
1451,1959,0.708708643913269
1451,2694,0.7043366432189941
1452,2638,0.7069656252861023
1452,3225,0.6868014931678772
1453,2380,0.8013637065887451
1453,2953,0.7840062379837036
1453,2359,0.7739934921264648
1453,2943,0.7659397125244141
1453,3006,0.765575647354126
1456,2338,0.8149832487106323
1456,2398,0.8051831722259521
1456,1817,0.7988709211349487
1456,1495,0.7972952723503113
1456,1538,0.7865177392959595
1456,2732,0.7822847962379456
1456,1607,0.7792244553565979
1457,3080,0.7725960612297058
1457,2498,0.7433273792266846
1457,1678,0.7400374412536621
1457,1555,0.7296228408813477
1458,3304,0.7191489934921265
1461,1787,0.7494105100631714
1462,2368,0.7417380809783936
1462,1780,0.7374405860900879
1464,2195,0.7484599351882935
1466,2593,0.7196600437164307
1467,2427,0.8261349201202393
1467,2393,0.8068928718566895
1467,2233,0.7993574738502502
1467,1943,0.7879661321640015
1467,1671,0.7873005867004395
1468,1625,0.7282603979110718
1469,3066,0.723515510559082
1472,2885,0.6965199708938599
1474,2386,0.7803035974502563
1474,2667,0.7369563579559326
1474,3109,0.7319265604019165
1475,2131,0.8098932504653931
1475,1523,0.8057421445846558
1475,2428,0.7958061695098877
1475,2725,0.793771505355835
1475,2421,0.7922024726867676
1477,2824,0.7320813536643982
1477,2065,0.7312939763069153
1478,1644,0.7091189622879028
1478,2788,0.7049007415771484
1483,1794,0.7379086017608643
1484,2269,0.7293545007705688
1485,3299,0.8035440444946289
1485,3002,0.7737424969673157
1485,3028,0.7702147364616394
1485,2155,0.7588008642196655
1486,2305,0.7131131291389465
1486,2075,0.6714463233947754
1486,2825,0.6384509801864624
1486,2384,0.6015024185180664
1486,1541,0.5915544033050537
1487,2358,0.7739588022232056
1487,2725,0.7452164888381958
1490,2892,0.7813925743103027
1490,2048,0.7661792039871216
1490,1648,0.743569552898407
1490,2058,0.7328116297721863
1491,2439,0.6413137912750244
1491,2394,0.6069129705429077
1492,2240,0.702386736869812
1494,2184,0.7267658710479736
1494,2068,0.6956261992454529
1495,1709,0.8359708786010742
1495,1820,0.808816134929657
1495,1677,0.8024229407310486
1495,1817,0.7989869713783264
1495,2402,0.7941192388534546
1495,1890,0.7933448553085327
1497,2501,0.6201524138450623
1498,3080,0.7541666626930237
1499,2230,1.0
1499,1499,1.0
1500,2131,0.7895921468734741
1500,2686,0.7621424198150635
1500,2725,0.7579008340835571
1501,2130,0.7547292709350586
1501,1889,0.7500171661376953
1501,1631,0.7353532314300537
1501,1702,0.7313990592956543
1503,1665,0.6623136401176453
1503,2588,0.6395778059959412
1505,1511,0.7374058961868286
1506,2001,0.7364376783370972
1507,3263,0.7412438988685608
1509,3012,0.6458927392959595
1509,3348,0.6403748393058777
1512,1629,0.8264290690422058
1512,1823,0.8245152831077576
1512,2397,0.820788562297821
1512,1833,0.8104051351547241
1512,3337,0.8035333156585693
1512,2338,0.7916905879974365
1512,1673,0.7829645872116089
1512,1622,0.7793874144554138
1514,2122,0.7459819316864014
1514,3191,0.742490291595459
1515,1515,1.0
1515,2714,0.7880595922470093
1515,1598,0.7661723494529724
1515,2326,0.7622119188308716
1515,1717,0.7592887878417969
1515,3328,0.7592887878417969
1515,1735,0.7509214282035828
1515,1954,0.7338739037513733
1516,2277,0.8238427639007568
1516,1613,0.7976342439651489
1516,1759,0.7925025820732117
1516,1712,0.7811841368675232
1516,2551,0.7806450724601746
1516,2039,0.776993453502655
1516,2280,0.7686235904693604
1516,1858,0.7624461650848389
1517,1829,0.7973889112472534
1517,1789,0.784557580947876
1517,1754,0.7839764952659607
1517,2409,0.7768109440803528
1517,1811,0.7731211185455322
1517,1579,0.7599833011627197
1517,1647,0.7573406100273132
1519,3239,0.6907594203948975
1521,3046,0.7565504908561707
1522,2894,0.683539628982544
1523,2131,0.782975435256958
1523,3356,0.7601891160011292
1523,2725,0.7558507919311523
1525,1982,0.7411127090454102
1526,3353,0.7404571771621704
1526,2794,0.7292009592056274
1526,2528,0.7186036109924316
1526,1686,0.7141256332397461
1526,3157,0.7066168785095215
1527,1830,0.8009063005447388
1527,1789,0.7817851901054382
1527,2544,0.7569302916526794
1527,1811,0.7544105648994446
1527,2139,0.7491214275360107
1528,1562,0.682158350944519
1528,3059,0.682158350944519
1528,3260,0.682158350944519
1529,1777,0.7203777432441711
1530,2377,0.7344789505004883
1530,2122,0.731598973274231
1530,1790,0.7114256024360657
1530,2116,0.6852356195449829
1530,3322,0.6662852764129639
1531,1827,0.7724288702011108
1531,3147,0.7250869274139404
1532,1536,0.7436105608940125
1532,2198,0.7387621402740479
1533,2266,0.773082971572876
1533,2442,0.7534124851226807
1533,3074,0.7411582469940186
1533,2093,0.7325595617294312
1534,1904,0.7364102602005005
1534,2766,0.7318528890609741
1534,2885,0.6608399152755737
1534,2394,0.6594762802124023
1535,2289,0.8102655410766602
1535,3068,0.7295932173728943
1536,3039,0.7533700466156006
1536,2022,0.7415567636489868
1537,2262,0.7843297123908997
1537,2048,0.7838222980499268
1537,3292,0.7790635824203491
1537,2541,0.7759153842926025
1537,2982,0.7691277265548706
1537,2251,0.7663571834564209
1537,2066,0.7633030414581299
1537,2250,0.7624759078025818
1537,1553,0.7624759078025818
1538,1656,0.8067626357078552
1538,2288,0.7846567630767822
1538,2187,0.7588344812393188
1541,2384,0.6313308477401733
1542,2891,0.6454324722290039
1542,2906,0.5975146293640137
1543,2511,0.846820056438446
1543,2423,0.8121461868286133
1543,2412,0.8043071031570435
1543,1917,0.7981048822402954
1543,1652,0.7952508330345154
1543,2331,0.7939212322235107
1543,2534,0.789645791053772
1543,2424,0.7881208658218384
1544,2726,0.7262052297592163
1544,1584,0.6864383816719055
1544,2978,0.6727771759033203
1544,2627,0.665922224521637
1544,2636,0.6568655967712402
1545,1975,0.8000985383987427
1545,2047,0.7618993520736694
1545,1747,0.7589601278305054
1545,1596,0.7564641237258911
1545,2038,0.7500140070915222
1545,2438,0.7316422462463379
1546,3213,0.6355893611907959
1547,1557,0.758773922920227
1547,1864,0.7522628307342529
1547,2860,0.7440601587295532
1547,3231,0.7353021502494812
1547,2947,0.7301690578460693
1549,2242,0.7132076025009155
1550,2534,0.7924325466156006
1551,3017,0.7916751503944397
1551,3203,0.765332043170929
1551,2579,0.7648591995239258
1551,2919,0.7584569454193115
1552,2972,0.7949327230453491
1552,2231,0.7841659784317017
1552,3080,0.78313809633255
1552,3351,0.767607569694519
1552,1675,0.7654929757118225
1552,3045,0.7595550417900085
1552,3180,0.7499456405639648
1552,3023,0.7484869956970215
1553,1645,0.7820596694946289
1553,1659,0.7672169208526611
1553,3228,0.7634950876235962
1553,2067,0.7551668882369995
1554,1582,0.7701500654220581
1554,3115,0.7701500654220581
1554,3345,0.7063181400299072
1554,3030,0.6981276273727417
1555,2291,0.7476367950439453
1555,2049,0.725358247756958
1557,1673,0.8247077465057373
1557,3337,0.8072078227996826
1557,3014,0.7982619404792786
1557,3181,0.7824013829231262
1557,1926,0.7824013829231262
1557,2675,0.7717924118041992
1557,1994,0.7552638053894043
1558,2012,0.7443251609802246
1558,2240,0.7309165000915527
1559,3075,0.7916734218597412
1559,1787,0.7533857226371765
1560,1634,0.820885419845581
1560,1639,0.7899578809738159
1560,1625,0.7867099642753601
1560,1784,0.7824275493621826
1561,2578,0.7833372950553894
1561,2344,0.7719148397445679
1561,2316,0.7637625932693481
1562,1858,0.7408732175827026
1563,2264,0.7070843577384949
1563,2166,0.682990312576294
1563,1809,0.6704028844833374
1563,2136,0.6655137538909912
1564,1889,0.7656232118606567
1564,3275,0.743497371673584
1564,2570,0.7262324690818787
1564,2605,0.724778413772583
1566,1566,1.0
1566,3138,0.7304034233093262
1566,2362,0.7293971180915833
1566,2169,0.7144159078598022
1566,2089,0.6889997720718384
1567,1567,1.0
1567,2488,0.6875909566879272
1568,1577,0.7679118514060974
1570,3219,0.8136816024780273
1570,3221,0.7885509729385376
1570,2461,0.7801508903503418
1570,2399,0.7697071433067322
1570,2311,0.7552264928817749
1571,2364,0.6777119636535645
1573,1721,0.8033169507980347
1573,3275,0.7797484397888184
1573,2831,0.7596912980079651
1573,1582,0.7568213939666748
1573,3115,0.7568213939666748
1574,1708,0.6169792413711548
1575,3273,0.7605299353599548
1575,3068,0.728183388710022
1576,2422,0.768112301826477
1577,2099,0.6688504219055176
1578,3119,0.999999463558197
1578,3178,0.793698787689209
1578,2346,0.7725839614868164
1578,3075,0.7568528652191162
1578,1911,0.7554613351821899
1578,2092,0.7545644044876099
1578,2560,0.7487338185310364
1578,3266,0.7478343844413757
1578,2156,0.7430394887924194
1579,1829,0.8096777200698853
1579,1811,0.7806191444396973
1579,1754,0.7589665651321411
1579,1725,0.7528237104415894
1579,1921,0.7500214576721191
1579,1631,0.7378959655761719
1580,3247,0.9999998211860657
1580,2648,0.6012927293777466
1581,2061,0.733823299407959
1582,3345,0.8770202398300171
1582,2050,0.77958744764328
1582,1960,0.7579964399337769
1582,2010,0.7564826011657715
1582,2749,0.7547503113746643
1582,3066,0.7537887096405029
1583,2714,0.79421067237854
1583,2746,0.7598898410797119
1583,2183,0.7548701763153076
1583,1833,0.7489194869995117
1583,3236,0.7367807626724243
1584,1809,0.697474479675293
1586,1732,0.8702516555786133
1586,2397,0.8161635398864746
1586,2563,0.7987618446350098
1586,3204,0.785332977771759
1587,1587,1.0
1587,3172,0.7338069677352905
1587,2632,0.7336159348487854
1587,1640,0.7299290895462036
1587,2799,0.7280784845352173
1587,1744,0.7148227691650391
1587,2614,0.7105692028999329
1587,2222,0.6966469287872314
1587,2336,0.6761364936828613
1589,1978,0.6971561908721924
1590,3292,0.7708364725112915
1590,2517,0.7695164680480957
1590,2541,0.7677807807922363
1590,1961,0.7670367360115051
1591,3257,0.7217899560928345
1592,2967,0.7328623533248901
1594,1812,0.8208366632461548
1594,1677,0.8051425218582153
1594,1823,0.7942737340927124
1594,2713,0.7931737899780273
1594,2461,0.7890953421592712
1594,2331,0.7876067161560059
1595,2473,0.7265298366546631
1595,2318,0.7224408388137817
1596,2125,0.8039916753768921
1596,1975,0.7524946928024292
1596,2038,0.7406121492385864
1596,2474,0.7336206436157227
1598,3223,0.8826712369918823
1598,3218,0.7661723494529724
1598,3351,0.7386599779129028
1598,1815,0.7332044839859009
1598,2454,0.7327325940132141
1598,2240,0.7182854413986206
1599,2231,0.8407469987869263
1599,1715,0.7856627702713013
1599,2562,0.7713223695755005
1599,3292,0.7707834839820862
1599,2892,0.7652155160903931
1599,2179,0.7582676410675049
1599,1633,0.7575785517692566
1599,2982,0.7560310959815979
1599,3168,0.7558740377426147
1600,2356,0.7583887577056885
1600,2753,0.7566627264022827
1600,2134,0.7170261144638062
1601,2038,0.7517489194869995
1601,2640,0.714019775390625
1601,2624,0.714019775390625
1602,3200,0.9999998211860657
1603,2473,0.7379629611968994
1604,1629,0.7386237382888794
1605,2424,0.8435252904891968
1605,2412,0.8143537640571594
1605,2125,0.8016097545623779
1605,2786,0.7888402938842773
1605,1784,0.7875921726226807
1607,1784,0.7952431440353394
1607,1639,0.7909573316574097
1607,1817,0.7835723161697388
1607,1625,0.772179126739502
1607,2288,0.7691072225570679
1607,1747,0.7664153575897217
1608,1647,0.7841677665710449
1608,2350,0.7623286247253418
1608,1776,0.7308242321014404
1608,2955,0.7285643815994263
1609,3137,0.9999998807907104
1611,2958,0.756441593170166
1611,3174,0.7305806875228882
1612,2505,0.6794114112854004
1613,1823,0.8534107208251953
1613,2735,0.8436877727508545
1613,1925,0.8391310572624207
1613,1634,0.819129467010498
1613,2424,0.7892118096351624
1613,1836,0.7890111207962036
1613,2288,0.7879404425621033
1614,1926,0.9720306396484375
1614,3181,0.9720306396484375
1616,2962,0.7305285930633545
1616,1718,0.7198200225830078
1618,2322,0.8919508457183838
1618,2314,0.8556020855903625
1618,2308,0.8500709533691406
1618,2283,0.8236277103424072
1618,2141,0.7837420701980591
1619,2412,0.8130414485931396
1619,2431,0.8079860210418701
1619,2693,0.7888083457946777
1619,3173,0.7786203622817993
1620,3019,0.7245464324951172
1620,2700,0.6914350390434265
1620,3224,0.6842868328094482
1621,3329,0.9999997615814209
1622,3094,0.7634058594703674
1622,2506,0.7597512006759644
1623,2844,0.7626773118972778
1623,2886,0.7482848167419434
1623,3281,0.7447789907455444
1623,2932,0.7284585237503052
1623,3131,0.7205761671066284
1624,2028,0.7672132253646851
1624,2473,0.7252232432365417
1625,1784,0.7892646193504333
1626,1698,0.6254297494888306
1628,1628,1.0
1628,2116,0.6687086820602417
1629,1673,0.7886713743209839
1630,3235,0.7926883101463318
1630,2739,0.7307975888252258
1631,2130,0.7328470349311829
1633,2892,0.7785800695419312
1633,3249,0.77690589427948
1633,2066,0.7725436687469482
1633,1883,0.7665597200393677
1633,1837,0.7574828863143921
1634,2243,0.858932614326477
1634,1812,0.8442142605781555
1634,3325,0.8290207386016846
1634,1784,0.8279246091842651
1634,2693,0.8232483267784119
1636,2146,0.7449965476989746
1637,1944,0.7824113965034485
1637,1716,0.7748849391937256
1637,2487,0.7688270807266235
1638,2582,0.7240288257598877
1639,1677,0.8181984424591064
1639,3106,0.7871670722961426
1640,3331,0.7299290895462036
1640,2799,0.7283599376678467
1640,1758,0.7074069976806641
1643,2854,0.8182138204574585
1643,3045,0.7786848545074463
1643,2006,0.7446618676185608
1643,2886,0.7430022954940796
1643,3291,0.7335593700408936
1644,2156,0.7189291715621948
1644,2425,0.7041314840316772
1645,2892,0.8059472441673279
1645,3249,0.7882798910140991
1645,2250,0.7820596694946289
1645,3129,0.7820596694946289
1645,2325,0.7811505794525146
1645,1715,0.7740428447723389
1645,1648,0.7697518467903137
1645,2030,0.7584643959999084
1645,2982,0.7430481910705566
1647,1829,0.8210078477859497
1647,1830,0.8090245127677917
1647,1811,0.7918574810028076
1647,2542,0.7759265899658203
1647,1934,0.7747050523757935
1647,1833,0.771080493927002
1647,1754,0.7671213150024414
1647,1789,0.7652416229248047
1647,1791,0.7614179253578186
1647,2350,0.7469853162765503
1648,1715,0.8011588454246521
1648,3292,0.760758638381958
1648,2030,0.7546535730361938
1648,2058,0.7507798671722412
1649,3030,0.7041414976119995
1649,2129,0.6897572875022888
1650,3171,0.7447007298469543
1650,2658,0.6806636452674866
1651,2907,0.8122307062149048
1651,2102,0.7185895442962646
1651,3270,0.6962175965309143
1651,3087,0.6480182409286499
1652,2535,0.797784149646759
1652,1929,0.7955055236816406
1652,1789,0.7880032062530518
1652,2031,0.7810326814651489
1654,2196,0.8056102395057678
1654,2343,0.7990720272064209
1654,2314,0.7879263162612915
1655,2328,0.8005837798118591
1655,2031,0.7865147590637207
1655,2125,0.7859864830970764
1656,2684,0.7865875959396362
1656,1919,0.7814013957977295
1656,1944,0.7661371231079102
1657,1657,1.0
1657,2191,0.7312488555908203
1657,2012,0.7253845930099487
1659,1874,0.7889262437820435
1659,3129,0.7672169208526611
1659,2250,0.7672169208526611
1659,2216,0.7350385785102844
1659,3353,0.7292038202285767
1659,1941,0.7289716005325317
1660,2011,0.6732842922210693
1660,2581,0.670453667640686
1660,2245,0.6525371074676514
1661,2701,0.7953431606292725
1661,3325,0.7895087003707886
1661,1966,0.7655106782913208
1661,3063,0.7632405161857605
1661,3071,0.7522867918014526
1661,2824,0.7496289014816284
1664,3138,0.7304034233093262
1664,2362,0.7293971180915833
1664,2169,0.7144159078598022
1664,2089,0.6889997720718384
1666,1768,0.7670146226882935
1666,3330,0.7595298290252686
1666,1976,0.7320834994316101
1666,2994,0.7305917143821716
1666,2215,0.7275724411010742
1666,3329,0.7208576202392578
1668,1877,0.7652425765991211
1668,2184,0.7511616945266724
1668,1684,0.7493467330932617
1668,2680,0.7364217042922974
1669,3198,0.7000775337219238
1670,2466,0.640483021736145
1670,3227,0.6309022307395935
1671,2551,0.7836881279945374
1671,2534,0.778532862663269
1671,2389,0.7754062414169312
1671,1869,0.7749541997909546
1671,2817,0.7713826894760132
1673,2878,0.8214403390884399
1673,2325,0.8082650899887085
1673,2066,0.8070565462112427
1673,2675,0.799404501914978
1673,3337,0.7961662411689758
1673,1955,0.7777605056762695
1673,2239,0.7764550447463989
1673,1883,0.7736852169036865
1674,2189,0.7884659171104431
1674,1696,0.768517017364502
1675,2231,0.8072307109832764
1675,2997,0.7929845452308655
1675,2840,0.7891074419021606
1675,2945,0.7803309559822083
1675,3045,0.7744216322898865
1675,3249,0.7721838355064392
1675,1815,0.7647098302841187
1675,3168,0.7632684111595154
1675,2982,0.7629584074020386
1675,2454,0.7600308656692505
1677,1812,0.8226937055587769
1677,1728,0.8039597272872925
1678,3205,0.7369924783706665
1678,3172,0.7318997383117676
1678,1977,0.7185282707214355
1678,2880,0.7152358293533325
1679,3161,0.9999997615814209
1679,1717,0.7838789224624634
1679,3328,0.7838789224624634
1679,2579,0.7678641080856323
1681,1845,0.6534678936004639
1684,2069,0.6852579116821289
1686,2562,0.7443132400512695
1687,2730,0.7375140190124512
1690,1759,0.7914146184921265
1690,2039,0.7759036421775818
1690,2135,0.7658995389938354
1691,2216,0.7572154998779297
1691,1882,0.7318575978279114
1691,2528,0.7073559761047363
1692,2273,0.7445533275604248
1696,2189,0.7715610265731812
1697,3063,0.7427642941474915
1699,3306,0.7349891662597656
1700,3030,0.7002564668655396
1700,2766,0.694621205329895
1701,2010,0.764521598815918
1701,2523,0.7139682769775391
1703,2673,0.6788963675498962
1704,2121,0.7820525765419006
1704,2837,0.7101648449897766
1706,3266,0.7406136989593506
1707,2020,0.778699517250061
1707,2059,0.7728411555290222
1708,2681,0.7023776173591614
1709,2654,0.8084459900856018
1709,2309,0.8058676719665527
1709,1817,0.7978677749633789
1709,2185,0.7976348400115967
1709,2713,0.7962205410003662
1709,1890,0.7946681976318359
1710,2057,0.6756855249404907
1711,2402,0.7843580842018127
1711,3015,0.7111648917198181
1712,2508,0.8179773092269897
1712,2535,0.8004139065742493
1712,2732,0.7947096824645996
1712,3219,0.7915439605712891
1712,2342,0.7877205014228821
1712,2313,0.779090404510498
1712,1902,0.7788827419281006
1714,3080,0.8292837142944336
1714,3023,0.7170093655586243
1715,2242,0.8004471063613892
1715,2892,0.7985056042671204
1715,3292,0.7869074940681458
1715,2721,0.7766333818435669
1715,3249,0.7707720994949341
1715,2048,0.769690990447998
1716,2197,0.7901178598403931
1716,3123,0.7586864829063416
1717,3161,0.7838789224624634
1717,1768,0.782563328742981
1717,2513,0.773276150226593
1717,2579,0.7689058780670166
1717,2291,0.7648605108261108
1717,3174,0.759697437286377
1717,3218,0.7592887878417969
1718,1935,0.758888304233551
1718,1808,0.7393918633460999
1718,2962,0.72235107421875
1720,2019,0.9999995231628418
1720,3228,0.8931845426559448
1720,1877,0.8910000324249268
1720,3257,0.8801592588424683
1720,1824,0.7376865744590759
1720,2799,0.7357959747314453
1720,2352,0.7335466742515564
1721,1826,0.7595723867416382
1721,2831,0.7579997777938843
1721,3275,0.7374123334884644
1721,2473,0.7328904867172241
1721,2570,0.7289217114448547
1722,1883,0.7679629325866699
1722,2518,0.7442151308059692
1722,1724,0.7382216453552246
1722,2521,0.724158763885498
1723,3098,0.7267341613769531
1724,2518,0.7838720679283142
1724,2523,0.7358234524726868
1724,2521,0.7292207479476929
1725,1921,0.6710338592529297
1726,2958,0.7387561798095703
1726,3280,0.709046483039856
1730,1877,0.7493215799331665
1731,2374,0.7756404876708984
1732,2444,0.7898132801055908
1732,2557,0.7809105515480042
1733,2749,0.7913147807121277
1733,3002,0.779435396194458
1733,2817,0.7676849961280823
1734,3315,0.5673618316650391
1735,2555,0.7683675289154053
1735,3218,0.7509214282035828
1735,2326,0.7406524419784546
1735,2244,0.7117242217063904
1736,2742,0.6263008117675781
1737,1974,0.7759871482849121
1737,3102,0.7731916904449463
1737,2924,0.7715500593185425
1737,3097,0.7632024884223938
1737,3242,0.7533484101295471
1737,2029,0.7531801462173462
1737,2180,0.7531801462173462
1739,3299,0.7955372333526611
1739,2789,0.7893214225769043
1739,2389,0.7826908826828003
1739,1935,0.7769198417663574
1739,2513,0.770503044128418
1739,1745,0.7497910857200623
1741,1752,0.9612162113189697
1741,2878,0.7516297698020935
1741,3278,0.7293760776519775
1743,3086,0.62135910987854
1744,2454,0.7258085012435913
1744,2799,0.7187056541442871
1744,3331,0.7148227691650391
1744,2592,0.7110189199447632
1745,2812,0.7415051460266113
1747,2443,0.7555919885635376
1747,2047,0.7501678466796875
1747,2542,0.7474467754364014
1748,2850,0.7333334684371948
1748,3127,0.7333334684371948
1748,1879,0.7224738597869873
1750,2882,0.7961622476577759
1750,1961,0.7936303615570068
1750,3101,0.7716819047927856
1751,2273,0.7412425875663757
1752,2325,0.7823973894119263
1752,2878,0.7578489780426025
1752,1948,0.7510720491409302
1753,2050,0.7106853723526001
1753,3158,0.6500986218452454
1753,2433,0.6265528202056885
1753,2784,0.6224825978279114
1753,2106,0.6186875104904175
1754,1829,0.8034460544586182
1754,1811,0.7742754220962524
1754,1934,0.7564105987548828
1754,1833,0.7553657293319702
1754,2542,0.7513900995254517
1754,2476,0.741421103477478
1755,2723,0.7297734022140503
1758,3143,0.7247967720031738
1758,3237,0.7003128528594971
1758,3056,0.6974061727523804
1759,2039,0.827552318572998
1759,2744,0.7896077632904053
1759,2995,0.786636233329773
1759,2175,0.7838404178619385
1759,2277,0.780311644077301
1760,3299,0.8208426237106323
1760,2445,0.8083686828613281
1760,2431,0.8004115223884583
1760,2812,0.7961658239364624
1760,2206,0.7847446203231812
1760,1980,0.7841674089431763
1760,2591,0.7788993716239929
1760,1889,0.7733285427093506
1763,1891,0.7503559589385986
1765,3112,0.7477970123291016
1765,3156,0.7363739013671875
1766,2078,0.7298886775970459
1766,1839,0.705380916595459
1768,3328,0.782563328742981
1768,2335,0.7734547853469849
1768,2101,0.7690878510475159
1768,3233,0.7670146226882935
1768,2349,0.7621361613273621
1768,1955,0.7614157199859619
1768,2517,0.7585271596908569
1769,2538,0.7390953302383423
1770,2408,0.7278820872306824
1771,2426,0.8505727648735046
1771,3138,0.723172664642334
1772,2704,0.722729504108429
1773,3049,0.7320701479911804
1773,3340,0.7114335298538208
1773,3051,0.6829495429992676
1774,3142,0.7179454565048218
1774,2949,0.7098067998886108
1775,2672,0.726173996925354
1777,1949,0.7083650827407837
1777,2715,0.6788149476051331
1778,2910,0.6924014687538147
1780,1919,0.7362125515937805
1782,1903,0.8767067193984985
1782,2294,0.8266278505325317
1782,2422,0.8200016021728516
1782,2401,0.7899128198623657
1782,2289,0.7879706621170044
1784,2185,0.8102235794067383
1784,2342,0.7893168926239014
1786,1945,0.6620261669158936
1787,2463,0.7765517234802246
1787,2443,0.7685506343841553
1787,2560,0.7659894227981567
1787,2513,0.7542393207550049
1789,1830,0.8104798793792725
1789,1829,0.7857776880264282
1790,2488,0.6892921924591064
1791,1830,0.7916010618209839
1791,3297,0.7659769058227539
1791,2275,0.7622331976890564
1792,2581,0.5927063226699829
1793,3192,0.8239673376083374
1793,2551,0.7722021341323853
1793,1964,0.7594046592712402
1794,2676,0.8088164329528809
1794,2421,0.8036127686500549
1794,2965,0.7716677188873291
1794,2207,0.7341940402984619
1796,2956,0.7111935019493103
1796,2186,0.7011396288871765
1797,2536,0.8478951454162598
1800,2279,0.7684744596481323
1801,3067,0.6786597967147827
1801,2597,0.6613532304763794
1802,2348,0.7774271368980408
1802,2063,0.7695432901382446
1802,2053,0.7619134187698364
1802,1834,0.7576087713241577
1802,2443,0.7572649121284485
1802,2279,0.7570778131484985
1803,3212,0.7031151056289673
1804,2688,0.7508033514022827
1804,2756,0.6983181238174438
1807,3055,0.7342230081558228
1808,1916,0.6369633674621582
1809,2430,0.7184706926345825
1809,2635,0.6932306289672852
1810,2543,0.7574484348297119
1810,2538,0.7409607768058777
1810,2613,0.7335976958274841
1811,1830,0.7885329127311707
1811,2607,0.7880643606185913
1811,2569,0.784071683883667
1811,1829,0.7792744636535645
1811,2542,0.7784522771835327
1812,2185,0.8236984014511108
1812,2309,0.8226321935653687
1812,2303,0.818390965461731
1812,2294,0.8098701238632202
1813,1825,0.8261911273002625
1813,2538,0.817673921585083
1813,2543,0.7047860622406006
1815,3223,0.7577686309814453
1815,2454,0.7324982285499573
1817,2125,0.811307966709137
1817,2535,0.7991201877593994
1818,2372,0.7382409572601318
1818,3009,0.7382409572601318
1820,2402,0.7864376306533813
1820,2341,0.7546826601028442
1821,3219,0.8058782815933228
1821,2427,0.7959129810333252
1821,2716,0.7714658975601196
1822,2571,0.6201661825180054
1823,2424,0.8302801847457886
1823,2397,0.8167333006858826
1824,2019,0.7376865744590759
1824,3257,0.7214325666427612
1825,2538,0.7802605628967285
1826,2340,0.721826434135437
1827,3147,0.7264977693557739
1829,1831,0.78899747133255
1829,1921,0.7659956216812134
1830,2703,0.7749544382095337
1831,1933,0.7645902633666992
1833,1934,0.8047753572463989
1833,2183,0.7734655141830444
1836,1933,0.771283745765686
1837,2672,0.720063328742981
1838,2578,0.7645728588104248
1838,3031,0.7380495071411133
1839,2766,0.7568515539169312
1839,2885,0.7501693964004517
1839,3309,0.724379301071167
1841,1954,0.726364016532898
1841,2799,0.7202816009521484
1841,2592,0.7197818756103516
1842,2184,0.7593343257904053
1842,2601,0.7306350469589233
1842,3046,0.725970983505249
1842,2663,0.7204740047454834
1843,2746,0.741178035736084
1843,2240,0.738377571105957
1843,2411,0.7244693040847778
1843,2350,0.7139058113098145
1845,2177,0.7017318606376648
1845,2183,0.6978549957275391
1847,3031,0.7470405697822571
1849,2065,0.7188839316368103
1849,2673,0.7139647006988525
1851,3021,0.7113067507743835
1855,1955,0.7902553081512451
1855,2506,0.7836513519287109
1855,2732,0.7806979417800903
1855,3337,0.7759476900100708
1855,2966,0.7657982707023621
1856,3061,0.6908695697784424
1857,3084,0.7267475128173828
1858,3059,0.7408732175827026
1858,3260,0.7408732175827026
1859,2722,0.7242611646652222
1862,3243,0.6535290479660034
1862,2622,0.6526259183883667
1863,1864,0.7474152445793152
1863,2645,0.7106750011444092
1864,2452,0.7391162514686584
1864,1873,0.7360537052154541
1864,2164,0.7249952554702759
1864,2239,0.7233490943908691
1865,2276,0.670940637588501
1865,2930,0.654569685459137
1868,2265,0.70942223072052
1870,2076,0.7651478052139282
1870,3065,0.7464684247970581
1870,2239,0.7277482748031616
1871,2513,0.7944298982620239
1872,2662,0.6543031334877014
1874,2541,0.7733536958694458
1874,3292,0.756617546081543
1874,3309,0.7443386316299438
1875,3175,0.6994220018386841
1877,3228,0.9823581576347351
1877,2019,0.8910000324249268
1877,3257,0.8148362636566162
1880,2541,0.7598493099212646
1882,2151,0.7319145798683167
1882,2216,0.7230089902877808
1882,1993,0.7001082897186279
1883,2675,0.7545680403709412
1889,2206,0.8207333087921143
1889,1890,0.7932191491127014
1889,2943,0.7762571573257446
1890,3299,0.8010993003845215
1890,2125,0.7853553891181946
1890,2004,0.7780654430389404
1891,2723,0.7434202432632446
1894,2788,0.7114720344543457
1896,1967,0.6795626878738403
1899,2120,0.6927646994590759
1901,2479,0.7506621479988098
1901,2575,0.7425136566162109
1901,2605,0.7285698652267456
1901,2706,0.7250450849533081
1902,2021,0.818295955657959
1902,2508,0.7979270219802856
1902,3039,0.7878231406211853
1902,2826,0.7860878705978394
1902,2421,0.7846506237983704
1902,2313,0.7785944938659668
1903,2422,0.768912672996521
1903,3046,0.7664632797241211
1903,3111,0.7409586906433105
1903,2974,0.7401313781738281
1904,3326,0.6717298030853271
1904,1906,0.6703494191169739
1905,1958,0.7107629776000977
1905,2593,0.6964753866195679
1908,2303,0.8201896548271179
1908,2004,0.7826309204101562
1908,2119,0.7706003785133362
1911,3119,0.7554613351821899
1911,3178,0.746110200881958
1911,3022,0.7123061418533325
1913,3155,0.7113630175590515
1916,2092,0.6722078919410706
1916,2803,0.6277472972869873
1917,2331,0.8079249858856201
1917,2511,0.8072571754455566
1917,3205,0.7808789014816284
1918,2993,0.6338598728179932
1921,2905,0.7195488214492798
1923,2936,0.7054522037506104
1924,2376,0.6614632606506348
1924,2472,0.638811469078064
1925,2735,0.804214596748352
1925,2344,0.7721142768859863
1926,2066,0.7567507028579712
1928,2473,0.7216406464576721
1928,2750,0.6928572654724121
1928,2009,0.6889129877090454
1929,2565,0.7746754884719849
1933,2059,0.7889975905418396
1933,2194,0.7645093202590942
1933,1946,0.7532901763916016
1934,2196,0.7998368740081787
1934,2544,0.778720498085022
1934,2602,0.758823037147522
1935,2481,0.7606399059295654
1937,2588,0.649530291557312
1939,3064,0.6360641717910767
1940,2188,0.7503179311752319
1943,2423,0.8107654452323914
1943,2197,0.7910038828849792
1943,2290,0.7900052666664124
1943,2348,0.7836142778396606
1944,3295,0.807204008102417
1944,2343,0.7740867137908936
1944,2361,0.7670249938964844
1944,2512,0.7661545276641846
1946,2234,0.7838982343673706
1946,2194,0.7522345781326294
1946,2059,0.7266284227371216
1947,2665,0.6794048547744751
1948,2066,0.7894817590713501
1948,2325,0.7825562357902527
1948,3330,0.7808436155319214
1948,2251,0.7632248401641846
1948,2262,0.7586103677749634
1949,2521,0.6880402565002441
1950,2592,0.714052140712738
1950,2923,0.7093521952629089
1950,2045,0.6934144496917725
1953,2359,0.7742704749107361
1953,2479,0.7412846088409424
1953,3003,0.7245590090751648
1954,2024,0.7482994794845581
1954,2350,0.7467617392539978
1954,2035,0.7339516282081604
1954,3218,0.7338739037513733
1954,3248,0.7222347259521484
1955,3337,0.8038384914398193
1955,2506,0.7891114950180054
1955,2966,0.7768295407295227
1955,2517,0.7608819007873535
1955,2509,0.7580442428588867
1957,2537,0.7066450119018555
1957,2925,0.6791676878929138
1957,2256,0.650315523147583
1960,2427,0.7798621654510498
1960,3115,0.7579964399337769
1960,2816,0.7554619908332825
1960,1969,0.7360296249389648
1961,1966,0.8188982605934143
1961,3351,0.7875912189483643
1961,2428,0.785857617855072
1961,2882,0.7789050340652466
1961,2701,0.7742588520050049
1961,2186,0.7719922065734863
1961,3045,0.7684729099273682
1963,3201,0.7362275123596191
1963,3138,0.7278990745544434
1964,2551,0.7889771461486816
1964,3192,0.7494738101959229
1966,2428,0.7936371564865112
1966,2277,0.7932121753692627
1966,2701,0.7908869385719299
1966,2995,0.7864370346069336
1966,2280,0.7752745151519775
1966,2036,0.769568920135498
1966,3004,0.7688156366348267
1966,2028,0.7645487785339355
1967,3016,0.8069294691085815
1967,2236,0.752036452293396
1967,3125,0.6881129741668701
1969,2814,0.7449473142623901
1971,2609,0.7578157186508179
1973,2836,0.6327095627784729
1974,2331,0.7882590293884277
1974,2924,0.7842835783958435
1974,2579,0.7809563279151917
1974,2604,0.7685763239860535
1974,3011,0.7603915929794312
1975,2269,0.7639269828796387
1975,2047,0.7592789530754089
1975,3019,0.7551991939544678
1975,3075,0.7364537119865417
1976,3351,0.7592043876647949
1976,3097,0.7404054403305054
1976,3233,0.7320834994316101
1977,2006,0.7495290040969849
1977,2252,0.7409337162971497
1977,3032,0.7093732357025146
1978,2682,0.702564001083374
1978,3224,0.7010576725006104
1980,3299,0.8414956331253052
1980,2021,0.7893397808074951
1981,2356,0.7510572671890259
1981,2753,0.7495388388633728
1981,3098,0.7453200817108154
1981,3113,0.7335245609283447
1981,2805,0.7097986936569214
1982,2312,0.7114514112472534
1982,2392,0.6712857484817505
1985,2402,0.7588937282562256
1985,2688,0.7548986077308655
1985,2570,0.7350830435752869
1985,2071,0.7340775728225708
1987,2667,0.7157679796218872
1988,2686,0.7582823038101196
1992,2164,0.7244030237197876
1992,2225,0.7226007580757141
1992,3169,0.7028568983078003
1993,2339,0.6941250562667847
1994,2146,0.7317817211151123
1994,2005,0.7028500437736511
1995,2791,0.6015782356262207
1997,2694,0.7509042620658875
1997,2248,0.7317302227020264
2001,2248,0.7957055568695068
2001,2800,0.7777737975120544
2001,2146,0.7729021906852722
2001,2002,0.7453041672706604
2001,2554,0.7385239601135254
2001,2711,0.738044261932373
2001,3150,0.7318741083145142
2004,2432,0.7854105830192566
2005,3157,0.708367109298706
2006,2542,0.7491512894630432
2006,3224,0.7427496910095215
2006,3351,0.7324082851409912
2008,3035,0.715059220790863
2009,2540,0.7003561854362488
2009,2103,0.6815800666809082
2010,3115,0.7564826011657715
2010,2056,0.7376347184181213
2011,2581,0.6889792084693909
2012,2038,0.7343952655792236
2012,3145,0.7253845930099487
2012,2603,0.7007262706756592
2013,3205,0.7441346049308777
2013,2316,0.7337731122970581
2013,3257,0.72657310962677
2016,2818,0.6618082523345947
2017,2491,0.7127661108970642
2019,3228,0.8931845426559448
2019,3257,0.8801592588424683
2019,2799,0.7357959747314453
2019,2352,0.7335466742515564
2021,2272,0.8103505373001099
2021,2421,0.7866686582565308
2021,2131,0.7823330163955688
2024,3249,0.7728670835494995
2024,2882,0.7615690231323242
2024,2927,0.7492469549179077
2024,2026,0.748857855796814
2024,2721,0.7483202219009399
2026,2986,0.7538998126983643
2026,3279,0.7230138778686523
2028,2445,0.7904409170150757
2028,2277,0.7893326878547668
2028,2516,0.784213662147522
2028,2123,0.7769185304641724
2028,2153,0.7723650336265564
2028,2747,0.768409252166748
2029,2180,0.9999997615814209
2030,2721,0.7537540793418884
2030,2982,0.7507768869400024
2030,3252,0.7217206954956055
2031,2328,0.8528407216072083
2031,3295,0.8443299531936646
2033,3317,0.7497904300689697
2034,3030,0.7241280674934387
2036,3004,0.7663230895996094
2036,3262,0.7646632194519043
2037,2239,0.7137452960014343
2038,2474,0.771938681602478
2038,2552,0.7421784400939941
2038,3104,0.7392301559448242
2038,2228,0.7277989387512207
2039,2243,0.8155112266540527
2039,2851,0.7824935913085938
2044,2169,0.7216954231262207
2045,2306,0.6967830061912537
2047,2063,0.7888851165771484
2047,2053,0.7618165016174316
2047,2279,0.7582482695579529
2048,2231,0.811206042766571
2048,3251,0.7846081852912903
2048,2945,0.777534008026123
2048,3292,0.7721850872039795
2048,2216,0.7715778350830078
2048,2672,0.7699875831604004
2048,3353,0.7695444822311401
2048,2892,0.7689039707183838
2049,2148,0.7291836738586426
2050,3115,0.77958744764328
2050,2593,0.7368062734603882
2050,2122,0.7243397831916809
2051,2479,0.7670058012008667
2051,2359,0.748439371585846
2051,2473,0.7353713512420654
2051,3178,0.7139928340911865
2051,2831,0.7132030725479126
2053,2534,0.770409107208252
2053,3001,0.7607488632202148
2053,2385,0.7607488632202148
2054,2966,0.7571401000022888
2056,3015,0.7445611953735352
2057,3052,0.6206406354904175
2058,2717,0.7598053216934204
2058,3035,0.7185394763946533
2060,2089,0.7413120269775391
2060,3131,0.7091996669769287
2060,2967,0.706397533416748
2060,3146,0.6908725500106812
2061,2067,0.7178319692611694
2061,3274,0.7080082893371582
2063,2344,0.7852475643157959
2064,3252,0.7400614023208618
2064,2274,0.7301188707351685
2066,2251,0.7834482192993164
2066,2262,0.7823944091796875
2066,2892,0.7684696316719055
2066,3181,0.7567507028579712
2066,2072,0.7526623606681824
2067,2325,0.774668276309967
2067,3129,0.7551668882369995
2067,2250,0.7551668882369995
2069,2615,0.6497761011123657
2070,2172,0.6558188199996948
2071,3037,0.746069610118866
2072,2554,0.7834737300872803
2072,2854,0.7660238742828369
2072,2994,0.7521231174468994
2075,2305,0.6730806231498718
2075,2825,0.650671124458313
2076,3112,0.7630660533905029
2078,3030,0.7358589768409729
2078,3355,0.7073497772216797
2079,2203,0.7095431089401245
2086,2746,0.8013913631439209
2086,3236,0.7471314668655396
2086,3131,0.7292312979698181
2087,2686,0.7572275400161743
2089,3042,0.7137979865074158
2089,3131,0.7101798057556152
2089,3174,0.6948205828666687
2091,2447,0.7563807964324951
2091,2645,0.7332622408866882
2092,3119,0.7545644044876099
2093,2442,0.7475557327270508
2093,2812,0.7437523007392883
2094,2198,0.665606677532196
2099,2916,0.6513160467147827
2101,2882,0.7687209844589233
2101,2735,0.7674169540405273
2102,2184,0.7376589775085449
2102,3301,0.7044693827629089
2103,3052,0.6715739965438843
2106,2784,0.768764853477478
2106,2644,0.5945679545402527
2109,2673,0.6818084716796875
2110,2433,0.6552157402038574
2112,2353,0.6820275187492371
2116,2646,0.714224100112915
2116,3166,0.6687086820602417
2119,2593,0.7293519973754883
2120,2810,0.7169279456138611
2121,2123,0.7864688634872437
2121,2516,0.7568037509918213
2121,2699,0.7245322465896606
2122,3133,0.7459819316864014
2123,2421,0.7992024421691895
2123,2830,0.7865900993347168
2125,2535,0.8196666240692139
2125,2569,0.7967069149017334
2125,2443,0.7944908738136292
2128,2379,0.7192763090133667
2130,2949,0.7998489141464233
2130,3275,0.7386196851730347
2130,2822,0.7371683716773987
2131,2162,0.8114916086196899
2131,2243,0.8076064586639404
2131,3219,0.7904707789421082
2131,2427,0.7849171757698059
2132,2825,0.6286687850952148
2132,2305,0.6274138689041138
2133,2136,0.6498353481292725
2134,2285,0.7145006656646729
2135,3254,0.7068042755126953
2135,3062,0.6988863945007324
2136,3175,0.6890926957130432
2137,2519,0.7618993520736694
2137,2138,0.7591977715492249
2139,2190,0.7729038596153259
2140,2449,0.7116789817810059
2141,2322,0.8253148198127747
2141,2314,0.8014847040176392
2141,2343,0.7993772029876709
2141,2485,0.7972383499145508
2141,2196,0.7917954921722412
2142,2462,0.7602628469467163
2145,3326,0.7151510715484619
2146,3114,0.7449965476989746
2147,2738,0.7442934513092041
2150,3170,0.7055808305740356
2151,2216,0.7438569664955139
2151,2549,0.7357646226882935
2153,2402,0.7959640622138977
2153,2162,0.7740007638931274
2155,3090,0.7217977643013
2156,3119,0.7430394887924194
2156,3178,0.7370195388793945
2156,3182,0.724345326423645
2156,2570,0.7230042815208435
2156,3266,0.7205153703689575
2156,2285,0.7129637598991394
2157,2709,0.6298879384994507
2160,3000,0.7673518657684326
2161,2459,0.6918421983718872
2162,3219,0.828069806098938
2162,3221,0.8225756287574768
2162,2311,0.7749340534210205
2162,3004,0.7723240256309509
2164,2541,0.7314134836196899
2164,2452,0.7282174229621887
2165,2233,0.7948176860809326
2166,2593,0.7068511247634888
2166,2539,0.6819313764572144
2166,2988,0.6794464588165283
2166,3125,0.6655297875404358
2170,2207,0.6998298168182373
2175,2359,0.7730613946914673
2175,2430,0.7678601741790771
2175,3191,0.7642663717269897
2177,2183,0.7089108228683472
2177,2555,0.6872344017028809
2179,2506,0.774366021156311
2179,3054,0.7417528629302979
2183,2326,0.7453269958496094
2184,2241,0.7485461235046387
2184,2663,0.7467086911201477
2185,2511,0.7862884402275085
2186,3062,0.6932481527328491
2186,2254,0.6732919216156006
2188,3147,0.7345835566520691
2189,2348,0.8361799716949463
2189,2393,0.8191990852355957
2189,2693,0.8020839691162109
2190,2234,0.8062616586685181
2190,2490,0.777701735496521
2190,2674,0.7726447582244873
2191,3145,0.7312488555908203
2196,2684,0.7889878749847412
2196,3295,0.7817597985267639
2196,2343,0.779996931552887
2197,2234,0.8170292377471924
2197,2317,0.8052135705947876
2197,2423,0.7869672775268555
2206,3072,0.7959486842155457
2206,3070,0.7714564800262451
2207,3030,0.7181979417800903
2207,2447,0.6960217952728271
2209,2815,0.724197506904602
2209,2768,0.6619385480880737
2215,3330,0.7931969165802002
2215,2252,0.7446621656417847
2215,3233,0.7275724411010742
2215,2794,0.7270827889442444
2216,2271,0.7749576568603516
2221,2221,1.0
2222,3331,0.6966469287872314
2223,2890,0.6412609219551086
2225,2888,0.6961104869842529
2225,2459,0.695222020149231
2226,2661,0.6685406565666199
2227,3100,0.9999999403953552
2228,3104,0.7575116157531738
2228,3341,0.7574961185455322
2230,2230,1.0
2231,2945,0.8537579774856567
2231,3168,0.8353244662284851
2231,3045,0.7976146340370178
2231,2819,0.7944697141647339
2231,2982,0.7932949066162109
2231,3350,0.7862602472305298
2231,2721,0.7850503921508789
2233,2427,0.7858097553253174
2234,2565,0.7686131596565247
2236,2832,0.8228002786636353
2236,3016,0.8039703369140625
2236,2999,0.7514622211456299
2238,2692,0.7412668466567993
2240,2296,0.7156631350517273
2240,3131,0.7098699808120728
2242,2603,0.7092149257659912
2243,2693,0.8127270936965942
2243,2830,0.8037536144256592
2243,2444,0.8032336235046387
2243,2393,0.8022212982177734
2244,2429,0.7013230919837952
2248,3190,0.7307541370391846
2250,3129,1.0
2250,2250,1.0
2250,2325,0.7699227333068848
2250,3228,0.7634950876235962
2251,2316,0.7480612993240356
2251,2262,0.7428176403045654
2252,2794,0.7481981515884399
2252,2819,0.7386972904205322
2253,3236,0.7518953084945679
2253,3141,0.742232084274292
2253,3011,0.7283376455307007
2254,3062,0.7372137308120728
2254,2496,0.6958029270172119
2257,3008,0.7326124906539917
2262,2800,0.7411125898361206
2264,2593,0.7357472777366638
2264,3256,0.6774328947067261
2266,2317,0.7823147773742676
2266,2582,0.7471897006034851
2268,2593,0.6966937184333801
2268,2305,0.6511342525482178
2269,2817,0.756690502166748
2271,2352,0.7243543863296509
2272,3063,0.8912922143936157
2272,2303,0.8237783908843994
2272,3235,0.8235415816307068
2272,2421,0.8141183853149414
2272,2701,0.8078988194465637
2272,2445,0.7956067323684692
2272,2309,0.7955248355865479
2273,2527,0.7990099191665649
2273,2361,0.7700241804122925
2273,2307,0.744346022605896
2274,3272,0.7123430967330933
2275,2328,0.8544728755950928
2275,2283,0.8170922994613647
2275,3295,0.7912112474441528
2276,3178,0.7423037886619568
2276,3085,0.6855960488319397
2277,2995,0.7985960245132446
2277,2548,0.7813451290130615
2277,2280,0.7811447978019714
2277,2508,0.7803943157196045
2278,3312,0.9999998211860657
2279,2513,0.8083983659744263
2280,2701,0.7741694450378418
2281,2281,1.0
2282,3345,0.7196379899978638
2282,2593,0.7082578539848328
2283,2322,0.8625403642654419
2283,2308,0.843911349773407
2283,2557,0.8434707522392273
2284,3342,0.7142298221588135
2285,3341,0.7579768300056458
2285,3104,0.7403582334518433
2285,3138,0.7342091798782349
2286,3016,0.681052029132843
2288,2578,0.7741953134536743
2289,2294,0.833673357963562
2289,2401,0.8122804164886475
2289,3068,0.7914848327636719
2289,3219,0.7846832275390625
2289,2422,0.7820879220962524
2289,2293,0.7791698575019836
2289,2589,0.7752066850662231
2290,2423,0.7816635370254517
2290,2348,0.7748391628265381
2290,2443,0.763892650604248
2291,3328,0.7648605108261108
2291,2789,0.7632524967193604
2291,2932,0.7569640278816223
2291,2872,0.7392500638961792
2293,2716,0.7546802759170532
2293,3282,0.754307210445404
2293,2660,0.7398510575294495
2294,2461,0.8518414497375488
2294,2401,0.826160192489624
2294,2331,0.8227677345275879
2296,2542,0.7759380340576172
2296,2746,0.7633447051048279
2296,2927,0.726388692855835
2297,2434,0.7657115459442139
2297,2750,0.7398055195808411
2297,2570,0.7337464094161987
2297,3253,0.7294082641601562
2297,2831,0.7182155847549438
2298,2347,0.7004950046539307
2300,2474,0.7488453388214111
2302,2789,0.7565029859542847
2303,2309,0.8293261528015137
2303,2527,0.8062913417816162
2304,3020,0.7791580557823181
2305,2384,0.6709750294685364
2306,2352,0.6996437311172485
2306,2708,0.6841570138931274
2306,2665,0.6666050553321838
2306,2677,0.6354724764823914
2308,2322,0.8762811422348022
2308,2314,0.8040786981582642
2308,2485,0.7765640020370483
2309,2527,0.8147690296173096
2309,2393,0.8056735992431641
2309,2389,0.7933443784713745
2310,2378,0.6979661583900452
2310,2460,0.6954066753387451
2311,3221,0.767768383026123
2311,2367,0.7663875222206116
2311,3108,0.7663875222206116
2311,3136,0.7552264928817749
2313,2424,0.8020975589752197
2314,2322,0.882832407951355
2314,2343,0.7764153480529785
2317,2693,0.7821043729782104
2317,2335,0.7776047587394714
2318,3075,0.7449630498886108
2319,2361,0.8104076385498047
2319,2368,0.7578147649765015
2320,3024,0.8464306592941284
2323,2814,0.7413099408149719
2323,2494,0.721277117729187
2324,3310,0.9292110204696655
2324,2421,0.805486798286438
2324,2380,0.8030167818069458
2324,3028,0.8003585338592529
2324,2445,0.7986963987350464
2324,2762,0.785521388053894
2324,2935,0.782952606678009
2325,2982,0.7980984449386597
2325,3249,0.790685772895813
2325,2882,0.7837033271789551
2325,3251,0.7757961750030518
2326,2487,0.7893218398094177
2326,2498,0.7650555372238159
2326,2692,0.7634562253952026
2326,3218,0.7622119188308716
2326,3080,0.7529670000076294
2328,3295,0.8649812936782837
2330,3086,0.5864661335945129
2335,2344,0.7794818878173828
2336,2815,0.7418973445892334
2336,3331,0.6761364936828613
2338,3014,0.8015502095222473
2338,2424,0.7926985025405884
2339,2923,0.7205206155776978
2340,2425,0.711767315864563
2342,2693,0.7845677733421326
2342,3262,0.7663415670394897
2343,2684,0.7739014029502869
2344,2487,0.7895861864089966
2344,2348,0.7894213199615479
2345,2734,0.739568293094635
2346,2461,0.8076150417327881
2346,3119,0.7725839614868164
2346,2426,0.763543963432312
2346,2356,0.752830982208252
2346,2499,0.7329764366149902
2348,2693,0.8130323886871338
2351,2534,0.7712640762329102
2351,2413,0.7622473239898682
2351,2462,0.7341413497924805
2352,2638,0.7109540104866028
2352,3155,0.694422721862793
2353,2482,0.757388710975647
2353,3280,0.7094414234161377
2354,2654,0.8533981442451477
2354,2390,0.749616265296936
2354,2462,0.7400296330451965
2355,2602,0.8079832792282104
2355,2398,0.7934188842773438
2356,2753,0.8005263805389404
2356,2656,0.7818803787231445
2356,2470,0.7279219627380371
2357,2661,0.8090307712554932
2357,2459,0.7954766154289246
2358,3141,0.7805576324462891
2359,2548,0.7801891565322876
2359,3109,0.7553153038024902
2360,2646,0.9405769109725952
2360,3066,0.7141709923744202
2361,2412,0.8121851086616516
2361,2409,0.7900355458259583
2361,2527,0.7863693237304688
2361,2602,0.7755128145217896
2362,2714,0.7662773132324219
2362,3131,0.7491031885147095
2362,2660,0.7149214744567871
2362,2977,0.7076889276504517
2365,2372,0.7094231247901917
2365,3009,0.7094231247901917
2367,3108,0.9999997615814209
2371,2717,0.7083086967468262
2372,2372,1.0
2372,2856,0.7118415832519531
2374,2793,0.7647416591644287
2374,3342,0.7138833999633789
2374,2460,0.7123682498931885
2374,3148,0.7093470096588135
2375,3333,0.7097158432006836
2375,2488,0.7059510946273804
2375,2403,0.6803188323974609
2376,2780,0.7120586633682251
2378,2765,0.7008916139602661
2379,2406,0.7222213745117188
2380,3235,0.8018532395362854
2380,3002,0.7948021292686462
2380,2410,0.7893623113632202
2380,3006,0.7832307815551758
2380,2676,0.7773765921592712
2382,2776,0.6296260952949524
2383,3162,0.6837310791015625
2383,3147,0.6512695550918579
2385,2385,1.0
2385,2714,0.7579014301300049
2387,2657,0.7661528587341309
2387,3007,0.7438613176345825
2388,2753,0.7806209325790405
2388,2465,0.7186059951782227
2389,2431,0.8015128970146179
2390,2654,0.7916269302368164
2392,2408,0.7581018209457397
2393,3006,0.8414207696914673
2393,3173,0.8323777914047241
2393,2412,0.8145694136619568
2393,2676,0.8008294105529785
2394,2576,0.6388171911239624
2396,2763,0.7594382762908936
2396,2756,0.7450063228607178
2397,3204,0.829531192779541
2397,3102,0.8122559785842896
2398,3014,0.7990918755531311
2398,3295,0.7899001836776733
2399,3219,0.7859002947807312
2399,3221,0.7771472930908203
2399,3136,0.7697071433067322
2401,2563,0.7888197302818298
2401,2427,0.7821680307388306
2401,3273,0.7813107967376709
2402,2451,0.7668606638908386
2402,2570,0.7655292749404907
2402,2434,0.7569097280502319
2402,2667,0.7526065111160278
2403,3333,0.7061957120895386
2403,2488,0.6995896100997925
2406,3002,0.7673787474632263
2406,2762,0.7244178652763367
2408,2943,0.7650405168533325
2408,2598,0.7524274587631226
2408,2743,0.7410035133361816
2409,2702,0.7983981370925903
2409,2544,0.7906614542007446
2409,2744,0.7775487899780273
2410,2749,0.7638182640075684
2410,3063,0.757713258266449
2411,2531,0.7318082451820374
2412,2569,0.8281793594360352
2412,3173,0.8218274116516113
2412,2702,0.8045322895050049
2414,2791,0.6131263375282288
2415,3053,0.6184276342391968
2419,2568,0.7209439277648926
2421,3028,0.8410375118255615
2421,2935,0.8141920566558838
2421,2508,0.8038941621780396
2424,2445,0.8279018402099609
2424,2922,0.8184700608253479
2425,2831,0.7209097146987915
2426,2716,0.7495714426040649
2427,3020,0.7929250597953796
2427,2716,0.7845779657363892
2428,3221,0.812777578830719
2428,3204,0.7951165437698364
2428,2483,0.7813533544540405
2430,2635,0.7446423172950745
2431,2445,0.8081382513046265
2431,3173,0.7897323369979858
2431,2676,0.7802002429962158
2434,3015,0.7708687782287598
2434,3142,0.7701582908630371
2434,2934,0.7657115459442139
2434,2750,0.7599706649780273
2434,2763,0.7452741861343384
2434,2570,0.7435182332992554
2434,2811,0.742743730545044
2436,2537,0.6835522651672363
2444,2830,0.772264838218689
2444,3273,0.7701110243797302
2445,3299,0.7971372604370117
2447,2645,0.7193654775619507
2447,2991,0.6968767642974854
2449,3042,0.7258844375610352
2451,3356,0.7420697212219238
2452,2772,0.7276771664619446
2452,2459,0.7272454500198364
2454,2592,0.7354221343994141
2454,3264,0.7296531200408936
2456,2851,0.7411010265350342
2456,3134,0.7288671731948853
2458,3345,0.7887064218521118
2459,2661,0.8385387063026428
2460,2915,0.7081460952758789
2460,2818,0.6726609468460083
2460,2758,0.671416699886322
2461,3221,0.8111007213592529
2461,3219,0.7956563830375671
2461,3136,0.7801508903503418
2463,3123,0.7468380331993103
2468,2592,0.6992381811141968
2472,2580,0.6591235399246216
2473,2479,0.7480192184448242
2473,2605,0.7287898659706116
2473,3021,0.722319483757019
2474,3198,0.7380191683769226
2474,3236,0.7314980030059814
2477,3175,0.7095804214477539
2479,2548,0.766463041305542
2479,2605,0.7412295937538147
2481,2513,0.7631820440292358
2483,2567,0.7577745318412781
2485,2490,0.8155978918075562
2486,3097,0.7464804649353027
2488,3333,0.9540839791297913
2488,2805,0.7130144834518433
2488,3116,0.6875909566879272
2490,2602,0.7899476289749146
2491,3305,0.7514459490776062
2491,2949,0.712073564529419
2491,3142,0.7000101804733276
2493,2749,0.759373128414154
2494,2811,0.7322818040847778
2494,2814,0.7317938804626465
2494,2758,0.7260147333145142
2495,2963,0.5975484848022461
2496,3062,0.7559599876403809
2498,2692,0.7171814441680908
2498,2705,0.7108415365219116
2499,3290,0.747107982635498
2502,2917,0.6845612525939941
2506,3337,0.7952970266342163
2506,2824,0.7875580787658691
2506,2966,0.7872033715248108
2506,3330,0.7721202373504639
2506,3027,0.7652204632759094
2508,3173,0.7926300764083862
2509,3045,0.7817564010620117
2509,3054,0.7663952708244324
2511,3014,0.8049250841140747
2511,3037,0.8044078350067139
2511,2534,0.7822652459144592
2513,2789,0.7791078090667725
2513,3328,0.773276150226593
2513,2560,0.7673057317733765
2517,2966,0.7568502426147461
2518,2521,0.7947877645492554
2518,2523,0.7682360410690308
2521,2523,0.7986539602279663
2522,3262,0.7662662267684937
2524,2795,0.6923303604125977
2526,3267,0.6591002941131592
2527,2702,0.7859135866165161
2527,2534,0.784272313117981
2528,3103,0.70917809009552
2535,2594,0.7967851161956787
2537,3019,0.6905150413513184
2540,2682,0.6978570222854614
2540,2803,0.6876979470252991
2542,2714,0.758059561252594
2542,2746,0.7448341846466064
2543,2613,0.746249794960022
2545,3262,0.7467477917671204
2545,2965,0.739882230758667
2548,3310,0.7853960394859314
2548,2935,0.7708181738853455
2551,3192,0.7742030024528503
2554,2711,0.7565645575523376
2554,2866,0.7526277303695679
2554,3035,0.7451087832450867
2554,2972,0.7422407865524292
2558,2915,0.7101550102233887
2559,3037,0.7236371040344238
2560,3119,0.7487338185310364
2562,3112,0.7555460929870605
2562,2794,0.7345296144485474
2562,3156,0.7338844537734985
2563,3204,0.7975505590438843
2563,3017,0.7913744449615479
2565,2674,0.7928097248077393
2568,2693,0.786551833152771
2569,2670,0.7796379327774048
2570,3015,0.7357751131057739
2570,2934,0.7337464094161987
2570,3178,0.7214622497558594
2572,2576,0.6291099786758423
2575,3097,0.7622836232185364
2575,3259,0.7492951154708862
2575,3003,0.7397180795669556
2579,3328,0.7689058780670166
2579,3161,0.7678641080856323
2581,2696,0.6352885961532593
2582,2674,0.7669814825057983
2582,2896,0.7102658748626709
2588,3093,0.7022181749343872
2592,2833,0.7023316621780396
2593,2991,0.6981379985809326
2595,2710,0.6929152607917786
2596,2677,0.6767295002937317
2598,3031,0.7676384449005127
2599,2995,0.7438931465148926
2600,3300,0.658039927482605
2601,2683,0.7341376543045044
2603,3155,0.7164894938468933
2609,2894,0.6962065696716309
2610,2705,0.6887584924697876
2614,2632,0.9665870070457458
2614,3331,0.7105692028999329
2619,2623,0.6644909381866455
2620,2638,0.8131623268127441
2621,2866,0.7450040578842163
2621,2956,0.7361941337585449
2624,2640,0.9999992847442627
2625,3294,0.6997874975204468
2630,2643,0.9947894811630249
2632,3331,0.7336159348487854
2633,3083,0.6727902889251709
2634,2904,0.5162783265113831
2637,2699,0.6577470302581787
2638,3146,0.7062286138534546
2639,2797,0.6968661546707153
2645,3030,0.7315393090248108
2645,3333,0.7212436199188232
2645,2712,0.7087501883506775
2646,3072,0.7323275208473206
2646,2814,0.709114670753479
2648,3247,0.6012927293777466
2650,2707,0.7116953134536743
2655,3225,0.6783246397972107
2656,2753,0.764726996421814
2656,3008,0.7523589134216309
2656,2816,0.7451677918434143
2660,3282,0.6909714937210083
2662,3056,0.6741350293159485
2665,2695,0.7031750082969666
2665,3227,0.6634160280227661
2665,2666,0.6534233093261719
2666,3057,0.6633802652359009
2667,2769,0.7421120405197144
2667,2747,0.7388919591903687
2669,3262,0.7724241018295288
2673,2991,0.7127479314804077
2675,2878,0.7483398914337158
2676,3173,0.8183175325393677
2676,2935,0.766067385673523
2677,3227,0.6376445293426514
2680,2795,0.7137263417243958
2682,2700,0.6870733499526978
2685,2740,0.7028765678405762
2686,3310,0.7658467292785645
2688,3072,0.7122511863708496
2691,2822,0.7300856709480286
2691,3142,0.7074047327041626
2691,2987,0.688164234161377
2698,3230,0.6700592041015625
2701,3063,0.7836315631866455
2701,3071,0.7684696912765503
2703,3325,0.8956555128097534
2704,3030,0.7608877420425415
2704,2949,0.7603529691696167
2704,3072,0.7597893476486206
2704,3096,0.7297062277793884
2704,2814,0.723408579826355
2706,3003,0.7278314828872681
2707,2811,0.7132856845855713
2711,2714,0.7806103229522705
2711,3351,0.7618409395217896
2711,2746,0.7556541562080383
2714,3218,0.7880595922470093
2714,3131,0.767730712890625
2714,3001,0.7579014301300049
2715,2942,0.6798349618911743
2717,2947,0.7443618774414062
2717,3139,0.7081593871116638
2720,3056,0.678925633430481
2721,2945,0.7609933018684387
2721,3168,0.7585201859474182
2723,2863,0.7431375980377197
2723,2876,0.7291737794876099
2730,3004,0.7732806205749512
2732,2922,0.7746437788009644
2735,3177,0.7526760101318359
2738,3189,0.6732409000396729
2739,2953,0.7288050055503845
2743,2949,0.7438413500785828
2747,2769,0.9711495637893677
2747,3304,0.8040283918380737
2747,3263,0.7542096376419067
2747,3005,0.7439595460891724
2749,3115,0.7547503113746643
2750,2934,0.7398055195808411
2750,3015,0.7150310277938843
2750,2755,0.705005407333374
2753,3075,0.7410642504692078
2755,3178,0.767532229423523
2755,2930,0.7137091755867004
2755,2987,0.6924125552177429
2755,3085,0.6771745681762695
2756,3098,0.7592512369155884
2756,2763,0.7379217147827148
2759,3022,0.6774699687957764
2759,2845,0.6570547819137573
2759,3313,0.6496974229812622
2760,2808,0.5803760290145874
2761,3276,0.6435648202896118
2763,3098,0.7383980751037598
2765,2818,0.6879647970199585
2765,2980,0.6676679849624634
2766,2885,0.7352917194366455
2766,3304,0.7134189605712891
2769,3304,0.7923634052276611
2769,3109,0.7370150089263916
2769,3005,0.7267006039619446
2771,2818,0.7360016703605652
2774,3067,0.7005176544189453
2774,2835,0.591782808303833
2782,2916,0.6493687033653259
2784,2838,0.6164105534553528
2785,2841,0.6426656246185303
2785,2963,0.6177362203598022
2786,3299,0.8145123720169067
2792,3022,0.6650546789169312
2794,3353,0.738074541091919
2795,2979,0.7520318627357483
2795,2799,0.7235264778137207
2796,2860,0.7641297578811646
2796,3183,0.7216521501541138
2799,3257,0.7342628240585327
2799,3331,0.7280784845352173
2799,3172,0.7256766557693481
2804,2925,0.9942501783370972
2804,3019,0.7142149806022644
2805,3333,0.7180212736129761
2808,3022,0.6659279465675354
2811,3070,0.7379124164581299
2811,3015,0.7125373482704163
2812,3096,0.7291895151138306
2812,3288,0.7092390060424805
2816,2822,0.743925929069519
2817,3259,0.7696031928062439
2817,3121,0.7622591257095337
2819,3350,0.753210186958313
2819,3292,0.7476996183395386
2819,2858,0.7470124959945679
2821,2973,0.6277968883514404
2822,3121,0.734564483165741
2828,2951,0.6834552884101868
2829,3342,0.7746318578720093
2829,2965,0.7381654977798462
2830,3000,0.7764503955841064
2831,2934,0.7182155847549438
2832,3016,0.756227433681488
2833,3172,0.7114886045455933
2833,3180,0.7039446830749512
2840,3249,0.8831790089607239
2840,3350,0.7526434659957886
2840,2886,0.7508460283279419
2846,3084,0.757219135761261
2846,3051,0.6829864978790283
2847,3040,0.6993120908737183
2850,3127,0.9999995231628418
2851,3091,0.742684006690979
2854,2982,0.7526925206184387
2854,2886,0.7413802146911621
2856,3009,0.7118415832519531
2859,3102,0.7559115886688232
2860,2870,0.7188109159469604
2863,3054,0.74739670753479
2866,3330,0.7479598522186279
2872,3224,0.7270395755767822
2872,2983,0.7027890682220459
2878,3156,0.7691279649734497
2878,3278,0.751242458820343
2878,3245,0.7386038303375244
2880,3353,0.723097026348114
2880,3103,0.7165230512619019
2882,2924,0.7538501024246216
2884,3080,0.7459722757339478
2886,3193,0.7818210124969482
2886,2982,0.7613663673400879
2889,2947,0.7190719842910767
2891,2906,0.6319864988327026
2892,3249,0.7814141511917114
2892,3292,0.7621636390686035
2899,3236,0.7428234815597534
2899,3023,0.6970613598823547
2900,2900,1.0
2903,2958,0.7379354238510132
2907,3270,0.7503895163536072
2916,3315,0.6241008639335632
2918,3025,0.7398945689201355
2922,3339,0.7827733755111694
2923,2932,0.72957444190979
2924,3204,0.7973710298538208
2924,3193,0.7659749984741211
2925,3019,0.7053225040435791
2928,2979,0.6939243078231812
2931,3002,0.7757927775382996
2934,2934,1.0
2934,3253,0.7294082641601562
2935,3028,0.8140089511871338
2935,2965,0.7696622014045715
2940,3313,0.6552988886833191
2942,3201,0.7067872285842896
2943,3002,0.7733827829360962
2945,3168,0.7719532251358032
2945,3350,0.7662584781646729
2945,2997,0.7446084022521973
2949,3142,0.7316509485244751
2958,3205,0.7464734315872192
2958,3174,0.7384706735610962
2958,3353,0.7228537797927856
2959,3036,0.6222202777862549
2964,3049,0.7513755559921265
2965,3314,0.8334476351737976
2965,3275,0.7721643447875977
2967,3338,0.7328623533248901
2972,3045,0.7628397941589355
2972,3179,0.7384099960327148
2977,3128,0.6832297444343567
2982,3249,0.7634832859039307
2985,3042,0.6875293254852295
2994,3337,0.7737666368484497
2994,3233,0.7305917143821716
2995,3275,0.7438305616378784
2997,3168,0.7690765261650085
3006,3028,0.7981754541397095
3006,3173,0.7888807058334351
3008,3121,0.7319985628128052
3011,3192,0.7513269186019897
3013,3217,0.7036616802215576
3019,3224,0.745177149772644
3023,3080,0.7839539647102356
3027,3325,0.7751518487930298
3027,3091,0.7566549777984619
3029,3291,0.6986315846443176
3034,3154,0.6267931461334229
3034,3048,0.5672200918197632
3035,3054,0.7777371406555176
3037,3037,1.0
3045,3249,0.7662374377250671
3045,3350,0.7647113800048828
3049,3097,0.7409926056861877
3050,3104,0.7527511119842529
3050,3341,0.7520082592964172
3054,3080,0.7506723403930664
3054,3272,0.746292233467102
3054,3330,0.7445817589759827
3054,3190,0.7409276962280273
3059,3059,1.0
3059,3260,1.0
3062,3340,0.7192028164863586
3066,3115,0.7537887096405029
3072,3098,0.7342137694358826
3075,3119,0.7568528652191162
3077,3142,0.701640248298645
3077,3305,0.691340446472168
3078,3261,0.7179652452468872
3080,3168,0.74996018409729
3080,3190,0.7454121112823486
3082,3236,0.7477495670318604
3082,3250,0.6878857612609863
3085,3266,0.7877689599990845
3091,3325,0.7811704874038696
3093,3093,1.0
3102,3242,0.7462933659553528
3104,3341,0.9643048048019409
3107,3154,0.6630136966705322
3112,3156,0.875218391418457
3113,3189,0.7435697913169861
3114,3114,1.0
3115,3115,1.0
3115,3345,0.8770202398300171
3119,3178,0.793698787689209
3119,3266,0.7478343844413757
3121,3214,0.7546812295913696
3121,3332,0.7407486438751221
3128,3206,0.6662113666534424
3129,3129,1.0
3129,3228,0.7634950876235962
3131,3281,0.7478255033493042
3132,3355,0.7045882940292358
3133,3133,1.0
3133,3191,0.742490291595459
3134,3339,0.7211136817932129
3136,3136,1.0
3136,3219,0.8136816024780273
3136,3221,0.7885509729385376
3147,3186,0.6427195072174072
3156,3245,0.7817032337188721
3161,3328,0.7838789224624634
3168,3351,0.7699366211891174
3170,3322,0.6609249114990234
3172,3331,0.7338069677352905
3174,3328,0.759697437286377
3180,3255,0.7017980813980103
3181,3181,1.0
3181,3228,0.7438688278198242
3191,3294,0.7110347747802734
3193,3351,0.7467738389968872
3205,3248,0.7390689849853516
3209,3248,0.7066102027893066
3218,3328,0.7592887878417969
3219,3221,0.8098903894424438
3228,3257,0.8285630345344543
3231,3251,0.8125653266906738
3233,3233,1.0
3233,3330,0.7595298290252686
3233,3329,0.7208576202392578
3249,3350,0.7703402042388916
3258,3282,0.6876192092895508
3259,3261,0.7560734748840332
3259,3336,0.7432184219360352
3260,3260,1.0
3290,3290,1.0
3296,3355,0.7720505595207214
3299,3305,0.8049339056015015
3317,3317,1.0
3328,3328,1.0
3338,3338,1.0
